"About the data: Exported on Oct 25, 2022. Criteria: '(robot OR robots OR robotics OR vehicle OR vehicles) AND (((localize OR localization OR localizing OR localise OR localisation OR localising) AND (map OR maps OR mapping)) OR ""slam"") AND (""long term"" OR ""life long"" OR lifelong)' in title and abstract; Publication Year is 2022. © 2022 Digital Science &amp; Research Solutions Inc. All rights reserved. Parts of this work may also be protected by copyright of content providers and other third parties, which together with all rights of Digital Science, user agrees not to violate. Redistribution / external use of this work (or parts thereof) is prohibited without prior written approval. Please contact info@dimensions.ai for further information.",,,,,,,,,,,,,,,,,,,,,,,,,,,,,,,
Rank,Publication ID,DOI,PMID,PMCID,Title,Abstract,Acknowledgements,Source title,Anthology title,MeSH terms,Publication Date,PubYear,Publication Date (online),Publication Date (print),Volume,Issue,Pagination,Open Access,Publication Type,Authors,Authors (Raw Affiliation),Corresponding Authors,Authors Affiliations,Times cited,Recent citations,RCR,FCR,Source Linkout,Dimensions URL,Fields of Research (ANZSRC 2020),Sustainable Development Goals
14579,pub.1146631931,10.1364/josaa.453318,36215446,,Biomimetic navigation system using a polarization sensor and a binocular camera.,"With the vigorous development of vision techniques, simultaneous localization and mapping (SLAM) has shown the capability of navigating autonomous robots in global-navigation-satellite-system-denied environments. However, the long-term robust navigation of lightweight autonomous robots in outdoor environments with complex interferences, such as illumination change, dynamic objects, and electromagnetic interference, is still a great challenge. In this paper, a polarization sensor-aided SLAM (POL-SLAM) that can provide absolute heading constraints for pure SLAM is proposed. POL-SLAM is a lightweight, tightly coupled system consisting of a polarization sensor and binocular camera. By means of an initialization that uses a polarization sensor, an absolute heading angle for the entire map is designed. Additionally, an algorithm to eliminate mismatching points using the matching point vector is proposed. The objective function of bundle adjustment is then deduced according to the re-projection error and polarization sensor. The vehicle test shows that the yaw and trajectory accuracies of POL-SLAM are significantly improved compared to pure SLAM. The yaw and trajectory accuracies are increased by 43.1% and 36.6%, respectively. These results indicate that the proposed POL-SLAM can improve the reliability and robustness of pure SLAM and can be used in lightweight autonomous robots in outdoor environments.",,Journal of the Optical Society of America A,,Algorithms; Biomimetics; Reproducibility of Results; Robotics,2022-04-15,2022,2022-04-15,2022-05-01,39,5,847-854,Closed,Article,"Li, Jinshan; Chu, Jinkui; Zhang, Ran; Hu, Hanpei; Tong, Kun; Li, Jin","Li, Jinshan (); Chu, Jinkui (); Zhang, Ran (); Hu, Hanpei (); Tong, Kun (); Li, Jin ()",,"Li, Jinshan (); Chu, Jinkui (); Zhang, Ran (); Hu, Hanpei (); Tong, Kun (); Li, Jin ()",0,0,,,,https://app.dimensions.ai/details/publication/pub.1146631931,"40 Engineering; 4007 Control Engineering, Mechatronics and Robotics; 4013 Geomatic Engineering",
9742,pub.1151410342,10.1038/s41598-022-19599-2,36171213,PMC9519927,Multi-scopic neuro-cognitive adaptation for legged locomotion robots,"Dynamic locomotion is realized through a simultaneous integration of adaptability and optimality. This article proposes a neuro-cognitive model for a multi-legged locomotion robot that can seamlessly integrate multi-modal sensing, ecological perception, and cognition through the coordination of interoceptive and exteroceptive sensory information. Importantly, cognitive models can be discussed as micro-, meso-, and macro-scopic; these concepts correspond to sensing, perception, and cognition; and short-, medium-, and long-term adaptation (in terms of ecological psychology). The proposed neuro-cognitive model integrates these intelligent functions from a multi-scopic point of view. Macroscopic-level presents an attention mechanism with short-term adaptive locomotion control conducted by a lower-level sensorimotor coordination-based model. Macrosopic-level serves environmental cognitive map featuring higher-level behavior planning. Mesoscopic level shows integration between the microscopic and macroscopic approaches, enabling the model to reconstruct a map and conduct localization using bottom-up facial environmental information and top-down map information, generating intention towards the ultimate goal at the macroscopic level. The experiments demonstrated that adaptability and optimality of multi-legged locomotion could be achieved using the proposed multi-scale neuro-cognitive model, from short to long-term adaptation, with efficient computational usage. Future research directions can be implemented not only in robotics contexts but also in the context of interdisciplinary studies incorporating cognitive science and ecological psychology.",This work was partially supported by JST [Moonshot RnD][Grant Number JP- MJMS2034].,Scientific Reports,,"Adaptation, Physiological; Cognition; Computer Simulation; Locomotion; Robotics",2022-09-28,2022,2022-09-28,,12,1,16222,All OA; Gold,Article,"Saputra, Azhar Aulia; Wada, Kazuyoshi; Masuda, Shiro; Kubota, Naoyuki","Saputra, Azhar Aulia (Graduate School of Systems Design, Tokyo Metropolitan University, 191-0065, Hino, Tokyo, Japan); Wada, Kazuyoshi (Graduate School of Systems Design, Tokyo Metropolitan University, 191-0065, Hino, Tokyo, Japan); Masuda, Shiro (Graduate School of Systems Design, Tokyo Metropolitan University, 191-0065, Hino, Tokyo, Japan); Kubota, Naoyuki (Graduate School of Systems Design, Tokyo Metropolitan University, 191-0065, Hino, Tokyo, Japan)","Saputra, Azhar Aulia (Tokyo Metropolitan University)","Saputra, Azhar Aulia (Tokyo Metropolitan University); Wada, Kazuyoshi (Tokyo Metropolitan University); Masuda, Shiro (Tokyo Metropolitan University); Kubota, Naoyuki (Tokyo Metropolitan University)",0,0,,,https://www.nature.com/articles/s41598-022-19599-2.pdf,https://app.dimensions.ai/details/publication/pub.1151410342,46 Information and Computing Sciences; 4602 Artificial Intelligence,
2963,pub.1145304056,10.1631/fitee.2000358,,,Novel robust simultaneous localization and mapping for long-term autonomous robots,"A fundamental task for mobile robots is simultaneous localization and mapping (SLAM). Moreover, long-term robustness is an important property for SLAM. When vehicles or robots steer fast or steer in certain scenarios, such as low-texture environments, long corridors, tunnels, or other duplicated structural environments, most SLAM systems might fail. In this paper, we propose a novel robust visual inertial light detection and ranging (LiDaR) navigation (VILN) SLAM system, including stereo visual-inertial LiDaR odometry and visual-LiDaR loop closure. The proposed VILN SLAM system can perform well with low drift after long-term experiments, even when the LiDaR or visual measurements are degraded occasionally in complex scenes. Extensive experimental results show that the robustness has been greatly improved in various scenarios compared to state-of-the-art SLAM systems.",,Frontiers of Information Technology & Electronic Engineering,,,2022-02-05,2022,2022-02-05,2022-02,23,2,234-245,Closed,Article,"Wei, Wei; Zhu, Xiaorui; Wang, Yi","Wei, Wei (School of Mechanical Engineering and Automation, Harbin Institute of Technology, 518055, Shenzhen, China); Zhu, Xiaorui (School of Mechanical Engineering and Automation, Harbin Institute of Technology, 518055, Shenzhen, China; Zhuhai Big Data Research Institute, 519000, Zhuhai, China); Wang, Yi (School of Mechanical Engineering and Automation, Harbin Institute of Technology, 518055, Shenzhen, China)","Zhu, Xiaorui (Harbin Institute of Technology; )","Wei, Wei (Harbin Institute of Technology); Zhu, Xiaorui (Harbin Institute of Technology); Wang, Yi (Harbin Institute of Technology)",0,0,,,,https://app.dimensions.ai/details/publication/pub.1145304056,"40 Engineering; 4007 Control Engineering, Mechatronics and Robotics",
2873,pub.1144947689,10.1109/access.2022.3145978,,,Topographic SLAM Using a Single Terrain Altimeter in GNSS-Restricted Environment,"In a Global Navigation Satellite System (GNSS)-restricted area, a mobile robot navigation system exploits surrounding environment information. For an aerial or underwater vehicle, undulating terrain of a land or seabed surface is a valuable information resource that leads to the development of terrain-referenced navigation (TRN) algorithms. However, due to the vast amount of a vehicle’s activity area, surveying all the regions to obtain a high-resolution terrain map is impractical and requires simultaneous localization and mapping (SLAM) as a highly desirable capability. This paper presents a topographic SLAM algorithm using only a single terrain altimeter, which is low-cost, computationally efficient, and sufficiently stable for long-term operation. The proposed rectangular panel map structure and update method enable robust and efficient SLAM. As terrain elevation changes are inherently nonlinear, an extended Kalman filter (EKF)-based SLAM filter is adopted. The feasibility and validity of the proposed algorithm are demonstrated through simulations using terrain elevation data from a real-world undersea environment.","This work was supported by the National Research and Development Program through the National Research Foundation of Korea (NRF) funded by the Ministry of Science and ICT (MSIT) under Grant 2020M3C1C1A02086303. The authors would like to thank to Dr. Yosup Park with the Korea Institute of Ocean Science and Technology, for providing the high-resolution bathymetric data.",IEEE Access,,,2022-01-01,2022,2022-01-25,2022-01-01,10,,10806-10815,All OA; Gold,Article,"Jang, Junwoo; Kim, Jinwhan","Jang, Junwoo (Department of Mechanical Engineering, Korea Advanced Insititute of Science and Technology, Daejeon, 34141, South Korea); Kim, Jinwhan (Department of Mechanical Engineering, Korea Advanced Insititute of Science and Technology, Daejeon, 34141, South Korea)","Kim, Jinwhan ","Jang, Junwoo (); Kim, Jinwhan ()",1,1,,,https://ieeexplore.ieee.org/ielx7/6287639/9668973/09690856.pdf,https://app.dimensions.ai/details/publication/pub.1144947689,40 Engineering; 4013 Geomatic Engineering; 46 Information and Computing Sciences; 4602 Artificial Intelligence; 4605 Data Management and Data Science,
2772,pub.1151183294,10.48550/arxiv.2209.09357,,,MeSLAM: Memory Efficient SLAM based on Neural Fields,"Existing Simultaneous Localization and Mapping (SLAM) approaches are limited
in their scalability due to growing map size in long-term robot operation.
Moreover, processing such maps for localization and planning tasks leads to the
increased computational resources required onboard. To address the problem of
memory consumption in long-term operation, we develop a novel real-time SLAM
algorithm, MeSLAM, that is based on neural field implicit map representation.
It combines the proposed global mapping strategy, including neural networks
distribution and region tracking, with an external odometry system. As a
result, the algorithm is able to efficiently train multiple networks
representing different map regions and track poses accurately in large-scale
environments. Experimental results show that the accuracy of the proposed
approach is comparable to the state-of-the-art methods (on average, 6.6 cm on
TUM RGB-D sequences) and outperforms the baseline, iMAP$^*$. Moreover, the
proposed SLAM approach provides the most compact-sized maps without details
distortion (1.9 MB to store 57 m$^3$) among the state-of-the-art SLAM
approaches.",,arXiv,,,2022-09-19,2022,,,,,,All OA; Green,Preprint,"Kruzhkov, Evgenii; Savinykh, Alena; Karpyshev, Pavel; Kurenkov, Mikhail; Yudin, Evgeny; Potapov, Andrei; Tsetserukou, Dzmitry","Kruzhkov, Evgenii (); Savinykh, Alena (); Karpyshev, Pavel (); Kurenkov, Mikhail (); Yudin, Evgeny (); Potapov, Andrei (); Tsetserukou, Dzmitry ()",,"Kruzhkov, Evgenii (); Savinykh, Alena (); Karpyshev, Pavel (); Kurenkov, Mikhail (); Yudin, Evgeny (); Potapov, Andrei (); Tsetserukou, Dzmitry ()",0,0,,,,https://app.dimensions.ai/details/publication/pub.1151183294,40 Engineering; 4008 Electrical Engineering; 46 Information and Computing Sciences; 4602 Artificial Intelligence; 4605 Data Management and Data Science; 4611 Machine Learning,
2603,pub.1151260752,10.48550/arxiv.2209.10710,,,Visual Localization and Mapping in Dynamic and Changing Environments,"The real-world deployment of fully autonomous mobile robots depends on a
robust SLAM (Simultaneous Localization and Mapping) system, capable of handling
dynamic environments, where objects are moving in front of the robot, and
changing environments, where objects are moved or replaced after the robot has
already mapped the scene. This paper presents Changing-SLAM, a method for
robust Visual SLAM in both dynamic and changing environments. This is achieved
by using a Bayesian filter combined with a long-term data association
algorithm. Also, it employs an efficient algorithm for dynamic keypoints
filtering based on object detection that correctly identify features inside the
bounding box that are not dynamic, preventing a depletion of features that
could cause lost tracks. Furthermore, a new dataset was developed with RGB-D
data especially designed for the evaluation of changing environments on an
object level, called PUC-USP dataset. Six sequences were created using a mobile
robot, an RGB-D camera and a motion capture system. The sequences were designed
to capture different scenarios that could lead to a tracking failure or a map
corruption. To the best of our knowledge, Changing-SLAM is the first Visual
SLAM system that is robust to both dynamic and changing environments, not
assuming a given camera pose or a known map, being also able to operate in real
time. The proposed method was evaluated using benchmark datasets and compared
with other state-of-the-art methods, proving to be highly accurate.",,arXiv,,,2022-09-21,2022,,,,,,All OA; Green,Preprint,"Soares, João Carlos Virgolino; Medeiros, Vivian Suzano; Abati, Gabriel Fischer; Becker, Marcelo; Caurin, Glauco; Gattass, Marcelo; Meggiolaro, Marco Antonio","Soares, João Carlos Virgolino (); Medeiros, Vivian Suzano (); Abati, Gabriel Fischer (); Becker, Marcelo (); Caurin, Glauco (); Gattass, Marcelo (); Meggiolaro, Marco Antonio ()",,"Soares, João Carlos Virgolino (); Medeiros, Vivian Suzano (); Abati, Gabriel Fischer (); Becker, Marcelo (); Caurin, Glauco (); Gattass, Marcelo (); Meggiolaro, Marco Antonio ()",0,0,,,,https://app.dimensions.ai/details/publication/pub.1151260752,"40 Engineering; 4007 Control Engineering, Mechatronics and Robotics; 46 Information and Computing Sciences; 4602 Artificial Intelligence; 4605 Data Management and Data Science",
2490,pub.1145523295,10.1002/rob.22062,,,DE‐SLAM: SLAM for highly dynamic environment,"Simultaneous localization and mapping (SLAM) is crucial for autonomous mobile robots. Most of the current SLAM systems are based on an assumption: the environment is static. However, the real environment is full of dynamic elements, such as pedestrians or vehicles, as well as changes in illumination and appearance over time. In this paper, DE‐SLAM, a visual SLAM system that can deal with short‐term and long‐term dynamic elements at the same time is proposed. A novel dynamic detection and tracking module that utilizes both semantic and metric information is proposed, and the localization accuracy is highly improved by eliminating features falling on the dynamic objects. A unified loop detection, loop check and global optimization module is used to perform loop closure. Experimental results on datasets and real environments show that DE‐SLAM outperforms other state‐of‐the‐art SLAM systems in dynamic environments.",This study was supported by the National Key R&amp;D Program of China under grant 2018YFB1305500 and the Natural Science Foundation of China under Grant U1813219.,Journal of Field Robotics,,,2022-02-14,2022,2022-02-14,2022-08,39,5,528-542,Closed,Article,"Xing, Zhiwei; Zhu, Xiaorui; Dong, Dingcheng","Xing, Zhiwei (School of Mechanical Engineering and Automation, Harbin Institute of Technology, Shenzhen, Shenzhen, China); Zhu, Xiaorui (School of Mechanical Engineering and Automation, Harbin Institute of Technology, Shenzhen, Shenzhen, China); Dong, Dingcheng (School of Mechanical Engineering and Automation, Harbin Institute of Technology, Shenzhen, Shenzhen, China)","Zhu, Xiaorui (Harbin Institute of Technology)","Xing, Zhiwei (Harbin Institute of Technology); Zhu, Xiaorui (Harbin Institute of Technology); Dong, Dingcheng (Harbin Institute of Technology)",1,1,,,,https://app.dimensions.ai/details/publication/pub.1145523295,46 Information and Computing Sciences; 4602 Artificial Intelligence; 4605 Data Management and Data Science,
2380,pub.1150148645,10.55417/fr.2022053,,,GPGM-SLAM: a Robust SLAM System for Unstructured Planetary Environments with Gaussian Process Gradient Maps,"Simultaneous Localization and Mapping (SLAM) techniques play a key role towards long-term autonomy of mobile robots due to the ability to correct localization errors and produce consistent maps of an environment over time. Contrarily to urban or man-made environments, where the presence of unique objects and structures offer unique cues for localization, the apperance of unstructured natural environments is often ambiguous and self-similar, hindering the performances of loop closure detection. In this paper, we present an approach to improve the robustness of place recognition in the context of a submap-based stereo SLAM based on Gaussian Process Gradient Maps (GPGMaps). GPGMaps embed a continuous representation of the gradients of the local terrain elevation by means of Gaussian Process regression and Structured Kernel Interpolation, given solely noisy elevation measurements. We leverage the imagelike structure of GPGMaps to detect loop closures using traditional visual features and Bag of Words. GPGMap matching is performed as an SE(2) alignment to establish loop closure constraints within a pose graph. We evaluate the proposed pipeline on a variety of datasets recorded on Mt. Etna, Sicily and in the Morocco desert, respectively Moon- and Mars-like environments, and we compare the localization performances with state-of-the-art approaches for visual SLAM and visual loop closure detection.",,Field Robotics,,,2022-03-10,2022,2022-03-10,,2,1,1721-1753,All OA; Green,Article,"Giubilato, Riccardo; Le Gentil, Cedric; Vayugundla, Mallikarjuna; Schuster, Martin; Vidal-Calleja, Teresa; Triebel, Rudolph","Giubilato, Riccardo (); Le Gentil, Cedric (); Vayugundla, Mallikarjuna (); Schuster, Martin (); Vidal-Calleja, Teresa (); Triebel, Rudolph ()",,"Giubilato, Riccardo (); Le Gentil, Cedric (); Vayugundla, Mallikarjuna (); Schuster, Martin (); Vidal-Calleja, Teresa (); Triebel, Rudolph ()",1,1,,,https://elib.dlr.de/188132/1/Vol2_53.pdf,https://app.dimensions.ai/details/publication/pub.1150148645,46 Information and Computing Sciences; 4605 Data Management and Data Science,
2379,pub.1151600830,,,,Long-Term Localization using Semantic Cues in Floor Plan Maps,"Lifelong localization in a given map is an essential capability for
autonomous service robots. In this paper, we consider the task of long-term
localization in a changing indoor environment given sparse CAD floor plans. The
commonly used pre-built maps from the robot sensors may increase the cost and
time of deployment. Furthermore, their detailed nature requires that they are
updated when significant changes occur. We address the difficulty of
localization when the correspondence between the map and the observations is
low due to the sparsity of the CAD map and the changing environment. To
overcome both challenges, we propose to exploit semantic cues that are commonly
present in human-oriented spaces. These semantic cues can be detected using RGB
cameras by utilizing object detection, and are matched against an
easy-to-update, abstract semantic map. The semantic information is integrated
into a Monte Carlo localization framework using a particle filter that operates
on 2D LiDAR scans and camera data. We provide a long-term localization solution
and a semantic map format, for environments that undergo changes to their
interior structure and detailed geometric maps are not available. We evaluate
our localization framework on multiple challenging indoor scenarios in an
office environment, taken weeks apart. The experiments suggest that our
approach is robust to structural changes and can run on an onboard computer. We
released the open source implementation of our approach written in C++ together
with a ROS wrapper.",,arXiv,,,2022-10-04,2022,,,,,,All OA; Green,Preprint,"Zimmerman, Nicky; Guadagnino, Tiziano; Chen, Xieyuanli; Behley, Jens; Stachniss, Cyrill","Zimmerman, Nicky (); Guadagnino, Tiziano (); Chen, Xieyuanli (); Behley, Jens (); Stachniss, Cyrill ()",,"Zimmerman, Nicky (); Guadagnino, Tiziano (); Chen, Xieyuanli (); Behley, Jens (); Stachniss, Cyrill ()",0,0,,,,https://app.dimensions.ai/details/publication/pub.1151600830,46 Information and Computing Sciences; 4605 Data Management and Data Science,
2379,pub.1149417001,10.1109/tim.2022.3190031,,,A Novel Lidar-Assisted Monocular Visual SLAM Framework for Mobile Robots in Outdoor Environments,"In this article, a novel 3-D lidar-assisted monocular visual simultaneous localization and mapping (LAMV-SLAM) framework is proposed for mobile robots in outdoor environments. LAMV-SLAM can run in real time without a GPU and build a dense map with real scale. An online photometric calibration thread is integrated into LAMV-SLAM to eliminate the photometric disturbances in images. The tracking thread combines the lidar and vision data to estimate and refine the frame-to-frame transformation. In this thread, the depth fusion algorithm is proposed to provide accurate depth values for the extracted visual features by combining the lidar points, and a novel two-stage optimization method is proposed to utilize the fused lidar–vision data to estimate the camera transformation with the real scale. A parallel mapping thread generates new map points based on depth filter and lidar–vision data fusion. A loop closing thread further reduces the accumulative errors of the system. To verify the accuracy and efficiency of the system, we evaluated the proposed pipeline on the KITTI odometry benchmark, and our LAMV-SLAM achieves a 0.81% of relative position drift while running at over $3\times $ real-time speed. To verify the robustness of the system in challenging environments, experiments were carried out on the North Campus Long-Term (NCLT) and NuScenes datasets. Moreover, real-world experiments were applied to our mobile robot platform to show the practicability and validity of the proposed approach.",,IEEE Transactions on Instrumentation and Measurement,,,2022-01-01,2022,2022-07-12,2022-01-01,71,,1-11,Closed,Article,"Yin, Jun; Luo, Dongting; Yan, Fei; Zhuang, Yan","Yin, Jun (School of Control Science and Engineering, Dalian University of Technology, Dalian, 116024, China); Luo, Dongting (School of Control Science and Engineering, Dalian University of Technology, Dalian, 116024, China); Yan, Fei (School of Control Science and Engineering, Dalian University of Technology, Dalian, 116024, China); Zhuang, Yan (School of Control Science and Engineering, Dalian University of Technology, Dalian, 116024, China)","Yan, Fei (Dalian University of Technology)","Yin, Jun (Dalian University of Technology); Luo, Dongting (Dalian University of Technology); Yan, Fei (Dalian University of Technology); Zhuang, Yan (Dalian University of Technology)",0,0,,,,https://app.dimensions.ai/details/publication/pub.1149417001,"40 Engineering; 4007 Control Engineering, Mechatronics and Robotics",
2357,pub.1147023391,10.1007/s11042-021-11870-4,,,Map management for robust long-term visual localization of an autonomous shuttle in changing conditions,"Changes in appearance present a tremendous problem for the visual localization of an autonomous vehicle in outdoor environments. Data association between the current image and the landmarks in the map can be challenging in cases where the map was built with different environmental conditions. This paper introduces a solution to build and use multi-session maps incorporating sequences recorded in different conditions (day, night, fog, snow, rain, change of season, etc.). During visual localization, we exploit a ranking function to extract the most relevant keyframes from the map. This ranking function is designed to take into account the pose of the vehicle as well as the current environmental condition. In the mapping phase, covering all conditions by constantly adding data to the map leads to a continuous growth in the map size which in turn deteriorates the localization speed and performance. Our map management strategy is an incremental approach that aims to limit the size of the map while keeping it as diverse as possible. Our experiments were performed on real data collected with our autonomous shuttle as well as on a widely used public dataset. The results demonstrate that our keyframe-based ranking function is suitable for long-term scenarios. Our map management algorithm aims to build a map with as much diversity as possible whereas some state of the art approaches tend to filter out the less observed landmarks. This strategy shows a reduction of localization failures while maintaining real-time performance.","This work has been sponsored by the French government research program “Investissements d’Avenir” through the IMobS3 Laboratory of Excellence (ANR-10-LABX-16-01) and the RobotEx Equipment of Excellence (ANR-10-EQPX-44), by the European Union through the Regional Competitiveness and Employment program 2014-2020 (ERDF - AURA region) and by the AURA region.",Multimedia Tools and Applications,,,2022-04-11,2022,2022-04-11,2022-07,81,16,22449-22480,Closed,Article,"Bouaziz, Youssef; Royer, Eric; Bresson, Guillaume; Dhome, Michel","Bouaziz, Youssef (Institut Pascal, CNRS, Clermont-Ferrand, Institut VEDECOM, Versailles, France); Royer, Eric (Institut Pascal, CNRS, SIGMA Clermont, Clermont-Ferrand, France); Bresson, Guillaume (Institut VEDECOM, Versailles, France); Dhome, Michel (Institut Pascal, CNRS, SIGMA Clermont, Clermont-Ferrand, France)","Bouaziz, Youssef (Institut Pascal)","Bouaziz, Youssef (Institut Pascal); Royer, Eric (Sigma Clermont); Bresson, Guillaume (VeDeCoM Institute); Dhome, Michel (Sigma Clermont)",0,0,,,,https://app.dimensions.ai/details/publication/pub.1147023391,46 Information and Computing Sciences; 4605 Data Management and Data Science,
2335,pub.1148091867,10.1109/tits.2022.3175656,,,The Revisiting Problem in Simultaneous Localization and Mapping: A Survey on Visual Loop Closure Detection,"Where am I? This is one of the most critical questions that any intelligent system should answer to decide whether it navigates to a previously visited area. This problem has long been acknowledged for its challenging nature in simultaneous localization and mapping (SLAM), wherein the robot needs to correctly associate the incoming sensory data to the database allowing consistent map generation. The significant advances in computer vision achieved over the last 20 years, the increased computational power, and the growing demand for long-term exploration contributed to efficiently performing such a complex task with inexpensive perception sensors. In this article, visual loop closure detection, which formulates a solution based solely on appearance input data, is surveyed. We start by briefly introducing place recognition and SLAM concepts in robotics. Then, we describe a loop closure detection system's structure, covering an extensive collection of topics, including the feature extraction, the environment representation, the decision-making step, and the evaluation process. We conclude by discussing open and new research challenges, particularly concerning the robustness in dynamic environments, the computational complexity, and scalability in long-term operations. The article aims to serve as a tutorial and a position paper for newcomers to visual loop closure detection.",,IEEE Transactions on Intelligent Transportation Systems,,,2022-05-23,2022,2022-05-23,,PP,99,1-25,All OA; Green,Article,"Tsintotas, Konstantinos A.; Bampis, Loukas; Gasteratos, Antonios","Tsintotas, Konstantinos A. (Department of Production and Management Engineering, Democritus University of Thrace, 67132 Xanthi, Greece.); Bampis, Loukas (Department of Electrical and Computer Engineering, Democritus University of Thrace, 67100 Xanthi, Greece.); Gasteratos, Antonios (Department of Production and Management Engineering, Democritus University of Thrace, 67132 Xanthi, Greece.)",,"Tsintotas, Konstantinos A. (Democritus University of Thrace); Bampis, Loukas (Democritus University of Thrace); Gasteratos, Antonios (Democritus University of Thrace)",6,6,,,http://arxiv.org/pdf/2204.12831,https://app.dimensions.ai/details/publication/pub.1148091867,46 Information and Computing Sciences; 4602 Artificial Intelligence,
2335,pub.1147408792,10.48550/arxiv.2204.12831,,,The Revisiting Problem in Simultaneous Localization and Mapping: A  Survey on Visual Loop Closure Detection,"Where am I? This is one of the most critical questions that any intelligent
system should answer to decide whether it navigates to a previously visited
area. This problem has long been acknowledged for its challenging nature in
simultaneous localization and mapping (SLAM), wherein the robot needs to
correctly associate the incoming sensory data to the database allowing
consistent map generation. The significant advances in computer vision achieved
over the last 20 years, the increased computational power, and the growing
demand for long-term exploration contributed to efficiently performing such a
complex task with inexpensive perception sensors. In this article, visual loop
closure detection, which formulates a solution based solely on appearance input
data, is surveyed. We start by briefly introducing place recognition and SLAM
concepts in robotics. Then, we describe a loop closure detection system's
structure, covering an extensive collection of topics, including the feature
extraction, the environment representation, the decision-making step, and the
evaluation process. We conclude by discussing open and new research challenges,
particularly concerning the robustness in dynamic environments, the
computational complexity, and scalability in long-term operations. The article
aims to serve as a tutorial and a position paper for newcomers to visual loop
closure detection.",,arXiv,,,2022-04-27,2022,,,,,,All OA; Green,Preprint,"Tsintotas, Konstantinos A.; Bampis, Loukas; Gasteratos, Antonios","Tsintotas, Konstantinos A. (); Bampis, Loukas (); Gasteratos, Antonios ()",,"Tsintotas, Konstantinos A. (); Bampis, Loukas (); Gasteratos, Antonios ()",0,0,,,,https://app.dimensions.ai/details/publication/pub.1147408792,46 Information and Computing Sciences; 4602 Artificial Intelligence,
2327,pub.1146452946,10.1007/978-981-16-9423-3_38,,,New Trend in Front-End Techniques of Visual SLAM: From Hand-Engineered Features to Deep-Learned Features,"Visual simultaneous localization and mapping (V-SLAM) technique plays a key role in perception of autonomous mobile robots, augmented/mixed/virtual reality, as well as spatial AI applications. This paper gives a very concise survey about the front-end module of a V-SLAM system, which is charge of feature extraction, short/long-term data association with outlier rejection, as well as variable initialization. Visual features are mainly salient and repeatable points, called keypoints, their traditional extractors and matchers are hand-engineered and not robust to viewpoint/illumination/seasonal change, which is crucial for long-term autonomy of mobile robots. Therefore, new trend about deep-learning-based keypoint extractors and matchers are introduced to enhance the robustness of V-SLAM systems even under challenging conditions.",,Lecture Notes in Electrical Engineering,Artificial Intelligence in China,,2022-03-22,2022,2022-03-22,2022,854,,298-307,Closed,Chapter,"Wang, Yue; Fu, Yu; Zheng, Ruixue; Wang, Le; Qi, Jianzhong","Wang, Yue (Key Laboratory of Electronics and Information Technology for Space Systems, Chinese Academy of Sciences, 100190, Beijing, China; Tianjin Key Laboratory of Wireless Mobile Communications and Power Transmission, Tianjin Normal University, 300387, Tianjin, China); Fu, Yu (Tianjin Key Laboratory of Wireless Mobile Communications and Power Transmission, Tianjin Normal University, 300387, Tianjin, China); Zheng, Ruixue (Tianjin Key Laboratory of Wireless Mobile Communications and Power Transmission, Tianjin Normal University, 300387, Tianjin, China); Wang, Le (Department of Electronic and Information Engineering, North China University of Technology, 100144, Beijing, China); Qi, Jianzhong (Department of Electronic and Information Engineering, North China University of Technology, 100144, Beijing, China)","Wang, Yue (Chinese Academy of Sciences; Tianjin Normal University)","Wang, Yue (Chinese Academy of Sciences; Tianjin Normal University); Fu, Yu (Tianjin Normal University); Zheng, Ruixue (Tianjin Normal University); Wang, Le (North China University of Technology); Qi, Jianzhong (North China University of Technology)",1,1,,,,https://app.dimensions.ai/details/publication/pub.1146452946,46 Information and Computing Sciences; 4602 Artificial Intelligence,
2312,pub.1145733477,10.1109/iccece54139.2022.9712794,,,Bio-inspired Relocalization for Indoor Robots in Visual Ambiguous Scenarios,"In recent years, robots have been widely used in the service industry to improve work efficiency. An indoor service robot should have long-term autonomous adaptability and this is achieved by performing lifelong simultaneous localization and mapping (SLAM). However, when a robot wakes up to SLAM, it needs to relocate itself first. In real-world applications, the visual ambiguous environment which contains multiple locations with similar appearances or features is a challenging scenario for localization. Considering the insufficient expression ability of a single sensor, this paper proposes a bio-inspired relocalization method to deal with this problem. The local view cells model maintains multi-hypotheses to provide visual-based coarse relocalization. Then, an obstacle cell model converts the self-centered lidar information into allocentric representation. And it serves as the fine relocalization. A continuous attractor neural network (CANN) is applied to integrate the candidates obtained through the above two stages. Finally, the result of relocalization is selected by a double-checking mechanism. In the experiments, the success rate of the proposed method reaches 95 % in total and 75% in the most challenging scene. The translation error in all scenes is less than 0.15m.",This work is supported by Advanced Marine Communication and Information Technology Ministry of Industry and Information Technology Key Laboratory Project (No.AMCIT21V3).,,2022 2nd International Conference on Consumer Electronics and Computer Engineering (ICCECE),,2022-01-16,2022,,2022-01-16,00,,685-689,Closed,Proceeding,"Long, Yixuan; Jiang, Rui; Ye, Fang","Long, Yixuan (College of Information and Communication Engineering, Harbin Engineering University, Harbin, China; Key Laboratory of Advanced Marine Communication and Information Technology, Ministry of Industry and Information Technology); Jiang, Rui (Department of Electrical and Computer Engineering, National University of Singapore, Singapore); Ye, Fang (College of Information and Communication Engineering, Harbin Engineering University, Harbin, China; Key Laboratory of Advanced Marine Communication and Information Technology, Ministry of Industry and Information Technology)","Ye, Fang (Harbin Engineering University; )","Long, Yixuan (Harbin Engineering University); Jiang, Rui (National University of Singapore); Ye, Fang (Harbin Engineering University)",0,0,,,,https://app.dimensions.ai/details/publication/pub.1145733477,46 Information and Computing Sciences; 4602 Artificial Intelligence; 4605 Data Management and Data Science,
2249,pub.1147351435,10.1177/02783649221080483,,,RadarSLAM: A robust simultaneous localization and mapping system for all weather conditions,"A Simultaneous Localization and Mapping (SLAM) system must be robust to support long-term mobile vehicle and robot applications. However, camera and LiDAR based SLAM systems can be fragile when facing challenging illumination or weather conditions which degrade the utility of imagery and point cloud data. Radar, whose operating electromagnetic spectrum is less affected by environmental changes, is promising although its distinct sensor model and noise characteristics bring open challenges when being exploited for SLAM. This paper studies the use of a Frequency Modulated Continuous Wave radar for SLAM in large-scale outdoor environments. We propose a full radar SLAM system, including a novel radar motion estimation algorithm that leverages radar geometry for reliable feature tracking. It also optimally compensates motion distortion and estimates pose by joint optimization. Its loop closure component is designed to be simple yet efficient for radar imagery by capturing and exploiting structural information of the surrounding environment. Extensive experiments on three public radar datasets, ranging from city streets and residential areas to countryside and highways, show competitive accuracy and reliability performance of the proposed radar SLAM system compared to the state-of-the-art LiDAR, vision and radar methods. The results show that our system is technically viable in achieving reliable SLAM in extreme weather conditions on the RADIATE Dataset, for example, heavy snow and dense fog, demonstrating the promising potential of using radar for all-weather localization and mapping.","We thank Joshua Roe, Ted Ding, Saptarshi Mukherjee, Dr Marcel Sheeny and Dr Yun Wu for the help of our data collection.",The International Journal of Robotics Research,,,2022-04-24,2022,2022-04-24,2022-04,41,5,519-542,All OA; Hybrid,Article,"Hong, Ziyang; Petillot, Yvan; Wallace, Andrew; Wang, Sen","Hong, Ziyang (Edinburgh Centre for Robotics, Heriot-Watt University, Edinburgh, UK); Petillot, Yvan (Edinburgh Centre for Robotics, Heriot-Watt University, Edinburgh, UK); Wallace, Andrew (Edinburgh Centre for Robotics, Heriot-Watt University, Edinburgh, UK); Wang, Sen (Edinburgh Centre for Robotics, Heriot-Watt University, Edinburgh, UK)","Wang, Sen (Heriot-Watt University)","Hong, Ziyang (Heriot-Watt University); Petillot, Yvan (Heriot-Watt University); Wallace, Andrew (Heriot-Watt University); Wang, Sen (Heriot-Watt University)",1,1,,,https://journals.sagepub.com/doi/pdf/10.1177/02783649221080483,https://app.dimensions.ai/details/publication/pub.1147351435,40 Engineering; 4013 Geomatic Engineering,
2223,pub.1146680153,10.48550/arxiv.2203.13897,,,Spectral Measurement Sparsification for Pose-Graph SLAM,"Simultaneous localization and mapping (SLAM) is a critical capability in
autonomous navigation, but in order to scale SLAM to the setting of ""lifelong""
SLAM, particularly under memory or computation constraints, a robot must be
able to determine what information should be retained and what can safely be
forgotten. In graph-based SLAM, the number of edges (measurements) in a pose
graph determines both the memory requirements of storing a robot's observations
and the computational expense of algorithms deployed for performing state
estimation using those observations; both of which can grow unbounded during
long-term navigation. To address this, we propose a spectral approach for pose
graph sparsification which maximizes the algebraic connectivity of the
sparsified measurement graphs, a key quantity which has been shown to control
the estimation error of pose graph SLAM solutions. Our algorithm, MAC (for
""maximizing algebraic connectivity""), which is based on convex relaxation, is
simple and computationally inexpensive, and admits formal post hoc performance
guarantees on the quality of the solutions it provides. In experiments on
benchmark pose-graph SLAM datasets, we show that our approach quickly produces
high-quality sparsification results which retain the connectivity of the graph
and, in turn, the quality of corresponding SLAM solutions, as compared to a
baseline approach which does not consider graph connectivity.",,arXiv,,,2022-03-25,2022,,,,,,All OA; Green,Preprint,"Doherty, Kevin J.; Rosen, David M.; Leonard, John J.","Doherty, Kevin J. (); Rosen, David M. (); Leonard, John J. ()",,"Doherty, Kevin J. (); Rosen, David M. (); Leonard, John J. ()",0,0,,,,https://app.dimensions.ai/details/publication/pub.1146680153,49 Mathematical Sciences; 4901 Applied Mathematics,
2220,pub.1146046628,10.48550/arxiv.2203.01578,,,Continual SLAM: Beyond Lifelong Simultaneous Localization and Mapping  through Continual Learning,"Robots operating in the open world encounter various different environments
that can substantially differ from each other. This domain gap also poses a
challenge for Simultaneous Localization and Mapping (SLAM) being one of the
fundamental tasks for navigation. In particular, learning-based SLAM methods
are known to generalize poorly to unseen environments hindering their general
adoption. In this work, we introduce the novel task of continual SLAM extending
the concept of lifelong SLAM from a single dynamically changing environment to
sequential deployments in several drastically differing environments. To
address this task, we propose CL-SLAM leveraging a dual-network architecture to
both adapt to new environments and retain knowledge with respect to previously
visited environments. We compare CL-SLAM to learning-based as well as classical
SLAM methods and show the advantages of leveraging online data. We extensively
evaluate CL-SLAM on three different datasets and demonstrate that it
outperforms several baselines inspired by existing continual learning-based
visual odometry methods. We make the code of our work publicly available at
http://continual-slam.cs.uni-freiburg.de.",,arXiv,,,2022-03-03,2022,,,,,,All OA; Green,Preprint,"Vödisch, Niclas; Cattaneo, Daniele; Burgard, Wolfram; Valada, Abhinav","Vödisch, Niclas (); Cattaneo, Daniele (); Burgard, Wolfram (); Valada, Abhinav ()",,"Vödisch, Niclas (); Cattaneo, Daniele (); Burgard, Wolfram (); Valada, Abhinav ()",0,0,,,,https://app.dimensions.ai/details/publication/pub.1146046628,46 Information and Computing Sciences; 4602 Artificial Intelligence; 4605 Data Management and Data Science,4 Quality Education
2177,pub.1150378054,10.23919/fusion49751.2022.9841255,,,Feature Based Multi-Hypothesis Map Representation for Localization in Non-Static Environments,"Long-term autonomy of robots requires localization in an inevitably changing environment, where the robots' knowledge about the surroundings are more or less uncertain. Inspired by methods in target tracking, this paper proposes a feature based multi-hypothesis map representation to provide robust localization under these conditions. It is derived how this representation can be used to obtain consistent position estimates while at the same time providing up-to-date map information to be shared by cooperative robots or for visual presentation. Simulations are performed that conceptually highlights the benefit of the developed solution in an environment where uniquely identifiable landmarks are moved between discrete positions. This relates to a real world scenario where a robot moves in a corridor with office doors opened or closed at different times.",,,2022 25th International Conference on Information Fusion (FUSION),,2022-08-09,2022,2022-08-09,,,,1-8,All OA; Green,Proceeding,"Nielsen, Kristin; Hendeby, Gustaf","Nielsen, Kristin (Epiroc Rock Drills AB,&#x00D6;rebro,Sweden); Hendeby, Gustaf (Link&#x00F6;ping University,Dept. Electrical Engineering,Link&#x00F6;ping,Sweden)",,"Nielsen, Kristin (); Hendeby, Gustaf ()",0,0,,,http://liu.diva-portal.org/smash/get/diva2:1690495/FULLTEXT01,https://app.dimensions.ai/details/publication/pub.1150378054,46 Information and Computing Sciences; 4602 Artificial Intelligence,
2144,pub.1146726270,10.48550/arxiv.2203.15272,,,Sparse Image based Navigation Architecture to Mitigate the need of  precise Localization in Mobile Robots,"Traditional simultaneous localization and mapping (SLAM) methods focus on
improvement in the robot's localization under environment and sensor
uncertainty. This paper, however, focuses on mitigating the need for exact
localization of a mobile robot to pursue autonomous navigation using a sparse
set of images. The proposed method consists of a model architecture - RoomNet,
for unsupervised learning resulting in a coarse identification of the
environment and a separate local navigation policy for local identification and
navigation. The former learns and predicts the scene based on the short term
image sequences seen by the robot along with the transition image scenarios
using long term image sequences. The latter uses sparse image matching to
characterise the similarity of frames achieved vis-a-vis the frames viewed by
the robot during the mapping and training stage. A sparse graph of the image
sequence is created which is then used to carry out robust navigation purely on
the basis of visual goals. The proposed approach is evaluated on two robots in
a test environment and demonstrates the ability to navigate in dynamic
environments where landmarks are obscured and classical localization methods
fail.",,arXiv,,,2022-03-29,2022,,,,,,All OA; Green,Preprint,"Mathur, Pranay; Kumar, Rajesh; Upadhyay, Sarthak","Mathur, Pranay (); Kumar, Rajesh (); Upadhyay, Sarthak ()",,"Mathur, Pranay (); Kumar, Rajesh (); Upadhyay, Sarthak ()",0,0,,,,https://app.dimensions.ai/details/publication/pub.1146726270,46 Information and Computing Sciences; 4602 Artificial Intelligence; 4603 Computer Vision and Multimedia Computation,
2045,pub.1150954539,10.48550/arxiv.2209.04497,,,General Place Recognition Survey: Towards the Real-world Autonomy Age,"Place recognition is the fundamental module that can assist Simultaneous
Localization and Mapping (SLAM) in loop-closure detection and re-localization
for long-term navigation. The place recognition community has made astonishing
progress over the last $20$ years, and this has attracted widespread research
interest and application in multiple fields such as computer vision and
robotics. However, few methods have shown promising place recognition
performance in complex real-world scenarios, where long-term and large-scale
appearance changes usually result in failures. Additionally, there is a lack of
an integrated framework amongst the state-of-the-art methods that can handle
all of the challenges in place recognition, which include appearance changes,
viewpoint differences, robustness to unknown areas, and efficiency in
real-world applications. In this work, we survey the state-of-the-art methods
that target long-term localization and discuss future directions and
opportunities.
  We start by investigating the formulation of place recognition in long-term
autonomy and the major challenges in real-world environments. We then review
the recent works in place recognition for different sensor modalities and
current strategies for dealing with various place recognition challenges.
Finally, we review the existing datasets for long-term localization and
introduce our datasets and evaluation API for different approaches. This paper
can be a tutorial for researchers new to the place recognition community and
those who care about long-term robotics autonomy. We also provide our opinion
on the frequently asked question in robotics: Do robots need accurate
localization for long-term autonomy? A summary of this work and our datasets
and evaluation API is publicly available to the robotics community at:
https://github.com/MetaSLAM/GPRS.",,arXiv,,,2022-09-09,2022,,,,,,All OA; Green,Preprint,"Yin, Peng; Zhao, Shiqi; Cisneros, Ivan; Abuduweili, Abulikemu; Huang, Guoquan; Milford, Micheal; Liu, Changliu; Choset, Howie; Scherer, Sebastian","Yin, Peng (); Zhao, Shiqi (); Cisneros, Ivan (); Abuduweili, Abulikemu (); Huang, Guoquan (); Milford, Micheal (); Liu, Changliu (); Choset, Howie (); Scherer, Sebastian ()",,"Yin, Peng (); Zhao, Shiqi (); Cisneros, Ivan (); Abuduweili, Abulikemu (); Huang, Guoquan (); Milford, Micheal (); Liu, Changliu (); Choset, Howie (); Scherer, Sebastian ()",0,0,,,,https://app.dimensions.ai/details/publication/pub.1150954539,46 Information and Computing Sciences; 4605 Data Management and Data Science; 4608 Human-Centred Computing,
2025,pub.1148581175,10.1109/tim.2022.3181903,,,A Lightweight Feature Map Creation Method for Intelligent Vehicle Localization in Urban Road Environments,"Accurate and reliable localization in urban environments is critical for high-level autonomous driving systems. In comparison to other localization strategies, map-based methods are more reliable and have higher localization accuracy. However, due to higher storage and update costs, dense map-based localization methods are inefficient for widespread use. In urban road environments, structural features, such as road curbs that limit the road passable area, and pole-like features, such as streetlights, tree trunks, and traffic lights, exhibit exceptional long-term stability and extraction consistency. The maps based on road curbs and pole-like features are unaffected by dynamic obstacles, such as vehicles and pedestrians, making them ideal for vehicle localization in urban environments. In this article, we design a lightweight feature map for LiDAR localization in urban environments based on road curbs and pole-like features, and propose a novel, fast, and accurate extraction strategy for these features, implementing the entire pipeline of feature extraction, map construction, and localization. We combine the orderliness of 2-D range images with the spatial properties of 3-D point clouds to extract road curbs and poles quickly and accurately. The proposed feature extraction methods and localization system are evaluated on datasets collected in multiple environments and times. The experimental results demonstrate that the method proposed in this article is more efficient and robust at features’ extraction and vehicle localization compared with other state-of-the-art approaches.",,IEEE Transactions on Instrumentation and Measurement,,,2022-01-01,2022,2022-06-09,2022-01-01,71,,1-15,Closed,Article,"Cai, Yingfeng; Lu, Ziheng; Wang, Hai; Chen, Long; Li, Yicheng","Cai, Yingfeng (Automotive Engineering Research Institute, Jiangsu University, Zhenjiang, 212013, China); Lu, Ziheng (School of Automotive and Traffic Engineering, Jiangsu University, Zhenjiang, 212013, China); Wang, Hai (School of Automotive and Traffic Engineering, Jiangsu University, Zhenjiang, 212013, China); Chen, Long (Automotive Engineering Research Institute, Jiangsu University, Zhenjiang, 212013, China); Li, Yicheng (Automotive Engineering Research Institute, Jiangsu University, Zhenjiang, 212013, China)","Wang, Hai (Jiangsu University)","Cai, Yingfeng (Jiangsu University); Lu, Ziheng (Jiangsu University); Wang, Hai (Jiangsu University); Chen, Long (Jiangsu University); Li, Yicheng (Jiangsu University)",0,0,,,,https://app.dimensions.ai/details/publication/pub.1148581175,"40 Engineering; 4006 Communications Engineering; 4008 Electrical Engineering; 4009 Electronics, Sensors and Digital Hardware",3 Good Health and Well Being
1963,pub.1144782292,10.48550/arxiv.2201.05977,,,Lightweight Object-level Topological Semantic Mapping and Long-term  Global Localization based on Graph Matching,"Mapping and localization are two essential tasks for mobile robots in
real-world applications. However, largescale and dynamic scenes challenge the
accuracy and robustness of most current mature solutions. This situation
becomes even worse when computational resources are limited. In this paper, we
present a novel lightweight object-level mapping and localization method with
high accuracy and robustness. Different from previous methods, our method does
not need a prior constructed precise geometric map, which greatly releases the
storage burden, especially for large-scale navigation. We use object-level
features with both semantic and geometric information to model landmarks in the
environment. Particularly, a learning topological primitive is first proposed
to efficiently obtain and organize the object-level landmarks. On the basis of
this, we use a robot-centric mapping framework to represent the environment as
a semantic topology graph and relax the burden of maintaining global
consistency at the same time. Besides, a hierarchical memory management
mechanism is introduced to improve the efficiency of online mapping with
limited computational resources. Based on the proposed map, the robust
localization is achieved by constructing a novel local semantic scene graph
descriptor, and performing multi-constraint graph matching to compare scene
similarity. Finally, we test our method on a low-cost embedded platform to
demonstrate its advantages. Experimental results on a large scale and
multi-session real-world environment show that the proposed method outperforms
the state of arts in terms of lightweight and robustness.",,arXiv,,,2022-01-16,2022,,,,,,All OA; Green,Preprint,"Wang, Fan; Zhang, Chaofan; Tang, Fulin; Jiang, Hongkui; Wu, Yihong; Liu, Yong","Wang, Fan (); Zhang, Chaofan (); Tang, Fulin (); Jiang, Hongkui (); Wu, Yihong (); Liu, Yong ()",,"Wang, Fan (); Zhang, Chaofan (); Tang, Fulin (); Jiang, Hongkui (); Wu, Yihong (); Liu, Yong ()",0,0,,,,https://app.dimensions.ai/details/publication/pub.1144782292,46 Information and Computing Sciences; 4602 Artificial Intelligence; 4605 Data Management and Data Science,
1922,pub.1146188448,10.1109/maes.2022.3154110,,,I Am Not Afraid of the GPS Jammer: Resilient Navigation Via Signals of Opportunity in GPS-Denied Environments,"I am not afraid of the GPS jammer, as long as there are ambient signals of opportunity (SOPs) to exploit in the environment. In environments where GPS signals are challenged (e.g., indoors and deep urban canyons) or denied (e.g., under jamming and spoofing attacks), SOPs could serve as an alternative positioning, navigation, and timing (PNT) source to GPS, and more generally, to global navigation satellite systems (GNSS). This article presents a radio simultaneous localization and mapping (radio SLAM) approach that enables the exploitation of SOPs for resilient and accurate PNT. Radio SLAM estimates the states of the navigator-mounted receiver simultaneously with the SOPs states. Radio SLAM could produce an SOP-derived navigation solution in a standalone fashion or by fusing SOPs with sensors [e.g., inertial measurement unit (IMU), lidar, etc.], digital maps, and/or other signals (e.g., GNSS). This article presents the first published experimental results evaluating the efficacy of radio SLAM in a real GPS-denied environment. These experiments took place at Edwards Air Force Base, California, USA, during which GPS was intentionally jammed with jamming-to-signal ratio as high as 90 dB. This article evaluates the timing of two cellular long-term evolution (LTE) SOPs located in the jammed environment, showing timing stability over 95 min of GPS jamming. Moreover, the article presents navigation results showcasing a ground vehicle traversing a trajectory of about 5 km in 180 s in the GPS-jammed environment. The vehicle's GPS-IMU system drifted from the vehicle's ground truth trajectory, resulting in a position root mean-squared error (RMSE) of 238 m. In contrast, the radio SLAM approach with a single cellular LTE SOP whose position was poorly known (an initial uncertainty on the order of several kilometers) achieved a position RMSE of 32 m.","The authors would like to thank Edwards AFB for inviting the ASPIN Laboratory to conduct experiments during DT NAVFEST. The authors would also like to thank J. Morales, K. Shamaei, M. Maaref, K. Semelka, M. Nguyen, and T. Mortlock for their help with data collection. Distribution Statement A. Approved for public release; Distribution is unlimited 412TW-PA-20399.",IEEE Aerospace and Electronic Systems Magazine,,,2022-03-10,2022,2022-03-10,,37,7,4-19,Closed,Article,"Kassas, Zaher M.; Khalife, Joe; Abdallah, Ali A.; Lee, Chiawei","Kassas, Zaher M. (University of California, Irvine, CA, 92697, USA); Khalife, Joe (University of California, Irvine, CA, 92697, USA); Abdallah, Ali A. (University of California, Irvine, CA, 92697, USA); Lee, Chiawei (U.S. Air Force Test Pilot School, Edwards, CA, 93524, USA)","Kassas, Zaher M. (University of California, Irvine)","Kassas, Zaher M. (University of California, Irvine); Khalife, Joe (University of California, Irvine); Abdallah, Ali A. (University of California, Irvine); Lee, Chiawei ()",1,1,,,,https://app.dimensions.ai/details/publication/pub.1146188448,40 Engineering; 4013 Geomatic Engineering,11 Sustainable Cities and Communities
1892,pub.1151766253,,,,Sparse Semantic Map-Based Monocular Localization in Traffic Scenes Using  Learned 2D-3D Point-Line Correspondences,"Vision-based localization in a prior map is of crucial importance for
autonomous vehicles. Given a query image, the goal is to estimate the camera
pose corresponding to the prior map, and the key is the registration problem of
camera images within the map. While autonomous vehicles drive on the road under
occlusion (e.g., car, bus, truck) and changing environment appearance (e.g.,
illumination changes, seasonal variation), existing approaches rely heavily on
dense point descriptors at the feature level to solve the registration problem,
entangling features with appearance and occlusion. As a result, they often fail
to estimate the correct poses. To address these issues, we propose a sparse
semantic map-based monocular localization method, which solves 2D-3D
registration via a well-designed deep neural network. Given a sparse semantic
map that consists of simplified elements (e.g., pole lines, traffic sign
midpoints) with multiple semantic labels, the camera pose is then estimated by
learning the corresponding features between the 2D semantic elements from the
image and the 3D elements from the sparse semantic map. The proposed sparse
semantic map-based localization approach is robust against occlusion and
long-term appearance changes in the environments. Extensive experimental
results show that the proposed method outperforms the state-of-the-art
approaches.",,arXiv,,,2022-10-10,2022,,,,,,All OA; Green,Preprint,"Chen, Xingyu; Xue, Jianru; Pang, Shanmin","Chen, Xingyu (); Xue, Jianru (); Pang, Shanmin ()",,"Chen, Xingyu (); Xue, Jianru (); Pang, Shanmin ()",0,0,,,,https://app.dimensions.ai/details/publication/pub.1151766253,"46 Information and Computing Sciences; 4603 Computer Vision and Multimedia Computation; 4607 Graphics, Augmented Reality and Games",
1853,pub.1151220759,10.1109/lra.2022.3207800,,,Sparse Semantic Map-Based Monocular Localization in Traffic Scenes Using Learned 2D-3D Point-Line Correspondences,"Vision-based localization in a prior map is of crucial importance for autonomous vehicles. Given a query image, the goal is to estimate the camera pose corresponding to the prior map, and the key is the registration problem of camera images within the map. While autonomous vehicles drive on the road under occlusion (e.g., car, bus, truck) and changing environment appearance (e.g., illumination changes, seasonal variation), existing approaches rely heavily on dense point descriptors at the feature level to solve the registration problem, entangling features with appearance and occlusion. As a result, they often fail to estimate the correct poses. To address these issues, we propose a sparse semantic map-based monocular localization method, which solves 2D-3D registration via a well-designed deep neural network. Given a sparse semantic map that consists of simplified elements (e.g., pole lines, traffic sign midpoints) with multiple semantic labels, the camera pose is then estimated by learning the corresponding features between the 2D semantic elements from the image and the 3D elements from the sparse semantic map. The proposed sparse semantic map-based localization approach is robust against occlusion and long-term appearance changes in the environments. Extensive experimental results show that the proposed method outperforms the state-of-the-art approaches.",,IEEE Robotics and Automation Letters,,,2022-09-19,2022,2022-09-19,,7,4,11894-11901,All OA; Green,Article,"Chen, Xingyu; Xue, Jianru; Pang, Shanmin","Chen, Xingyu (Xi'an Jiaotong University, Xi'an, 710049, China); Xue, Jianru (Xi'an Jiaotong University, Xi'an, 710049, China); Pang, Shanmin (Xi'an Jiaotong University, Xi'an, 710049, China)","Xue, Jianru (Xi'an Jiaotong University)","Chen, Xingyu (Xi'an Jiaotong University); Xue, Jianru (Xi'an Jiaotong University); Pang, Shanmin (Xi'an Jiaotong University)",0,0,,,http://arxiv.org/pdf/2210.04543,https://app.dimensions.ai/details/publication/pub.1151220759,"46 Information and Computing Sciences; 4603 Computer Vision and Multimedia Computation; 4607 Graphics, Augmented Reality and Games",
1826,pub.1148443029,10.1007/s11370-022-00423-9,,,An efficient loop closure detection method based on spatially constrained feature matching,"Loop detection technology is an important part of the simultaneous localization and mapping system for eliminating the pose drift of robots during long-term movement. In order to solve the three main challenges of appearance-based methods, namely viewpoint changes, repeated textures, and large amounts of calculation, this paper proposes an unsupervised loop detection method that takes into account both the texture pattern and position information of feature points and avoids any pre-training steps. Since the relative rotation and translation of the robot between two frames forming loop closure are both very small, the proposed method constrains the matching range with an overlapped block strategy to not only improve the matching precision, but also reduce the cost of matching. Furthermore, the method introduces Gaussian functions to weight and fuse the matching score of each block. The proposed method is evaluated in detail on two different public datasets with various scenarios, and the results show that the proposed method performs better and more efficiently than existing state-of-the-art methods.",,Intelligent Service Robotics,,,2022-06-06,2022,2022-06-06,2022-07,15,3,363-379,Closed,Article,"Zhang, Hong; Zhao, Tao; Zhong, Yuzhong; Yin, Yanjie; Yuan, Haobin; Dian, Songyi","Zhang, Hong (Perception, Machine Control and Intelligent Robot Innovation Lab. (PMCIRI.), College of Electrical Engineering, Sichuan University, 610065, Chengdu, China); Zhao, Tao (Perception, Machine Control and Intelligent Robot Innovation Lab. (PMCIRI.), College of Electrical Engineering, Sichuan University, 610065, Chengdu, China); Zhong, Yuzhong (Perception, Machine Control and Intelligent Robot Innovation Lab. (PMCIRI.), College of Electrical Engineering, Sichuan University, 610065, Chengdu, China); Yin, Yanjie (Perception, Machine Control and Intelligent Robot Innovation Lab. (PMCIRI.), College of Electrical Engineering, Sichuan University, 610065, Chengdu, China); Yuan, Haobin (Perception, Machine Control and Intelligent Robot Innovation Lab. (PMCIRI.), College of Electrical Engineering, Sichuan University, 610065, Chengdu, China); Dian, Songyi (Perception, Machine Control and Intelligent Robot Innovation Lab. (PMCIRI.), College of Electrical Engineering, Sichuan University, 610065, Chengdu, China)","Zhong, Yuzhong (Sichuan University)","Zhang, Hong (Sichuan University); Zhao, Tao (Sichuan University); Zhong, Yuzhong (Sichuan University); Yin, Yanjie (Sichuan University); Yuan, Haobin (Sichuan University); Dian, Songyi (Sichuan University)",0,0,,,,https://app.dimensions.ai/details/publication/pub.1148443029,46 Information and Computing Sciences; 4603 Computer Vision and Multimedia Computation; 4605 Data Management and Data Science,
1765,pub.1149769263,10.1109/icuas54217.2022.9836116,,,Cooperative Navigation and Guidance of a Micro-Scale Aerial Vehicle by an Accompanying UAV using 3D LiDAR Relative Localization,"A novel approach for cooperative navigation and guidance of a micro-scale aerial vehicle by an accompanying Unmanned Aerial Vehicle (UAV) using 3D Light Detection and Ranging (LiDAR) relative localization is proposed in this paper. The use of 3D LiDARs represents a reliable way of environment perception and robust UAV self-localization in Global Navigation Satellite System (GNSS)-denied environments. However, 3D LiDARs are relatively heavy and they need to be carried by large UAV platforms. On the contrary, visual cameras are cheap, light-weight, and therefore ideal for small UAVs. However, visual self-localization methods suffer from loss of precision in texture-less environments, scale unobservability during certain maneuvers, and long-term drift with respect to the global frame of reference. Nevertheless, a micro-scale camera-equipped UAV is ideal for complementing a 3D LiDAR-equipped UAV as it can reach places inaccessible to a large UAV platform. To gain the advantages of both navigation approaches, we propose a cooperative navigation and guidance architecture utilizing a large LiDAR-equipped UAV accompanied by a small secondary UAV carrying a significantly lighter monocular camera. The primary UAV is localized by a robust LiDAR Simultaneous Localization and Mapping (SLAM) algorithm, while the secondary UAV utilizes a Visual-Inertial Odometry (VIO) approach with lower precision and reliability. The LiDAR data are used for markerless relative localization between the UAVs to enable precise guidance of the secondary UAV in the frame of reference of the LiDAR SLAM. The performance of the proposed approach has been extensively verified in simulations and real-world experiments with the algorithms running onboard the UAVs with no external localization infrastructure.",,,2022 International Conference on Unmanned Aircraft Systems (ICUAS),,2022-06-24,2022,,2022-06-24,00,,526-535,Closed,Proceeding,"Pritzl, Václav; Vrba, Matouš; Štĕpán, Petr; Saska, Martin","Pritzl, Václav (Multi-robot Systems Group, Department of Cybernetics, Faculty of Electrical Engineering, Czech Technical University in Prague, Czech Republic); Vrba, Matouš (Multi-robot Systems Group, Department of Cybernetics, Faculty of Electrical Engineering, Czech Technical University in Prague, Czech Republic); Štĕpán, Petr (Multi-robot Systems Group, Department of Cybernetics, Faculty of Electrical Engineering, Czech Technical University in Prague, Czech Republic); Saska, Martin (Multi-robot Systems Group, Department of Cybernetics, Faculty of Electrical Engineering, Czech Technical University in Prague, Czech Republic)","Pritzl, Václav (Czech Technical University in Prague)","Pritzl, Václav (Czech Technical University in Prague); Vrba, Matouš (Czech Technical University in Prague); Štĕpán, Petr (Czech Technical University in Prague); Saska, Martin (Czech Technical University in Prague)",1,1,,,,https://app.dimensions.ai/details/publication/pub.1149769263,46 Information and Computing Sciences; 4602 Artificial Intelligence; 4605 Data Management and Data Science,
1732,pub.1148115523,10.48550/arxiv.2205.10737,,,ALITA: A Large-scale Incremental Dataset for Long-term Autonomy,"For long-term autonomy, most place recognition methods are mainly evaluated
on simplified scenarios or simulated datasets, which cannot provide solid
evidence to evaluate the readiness for current Simultaneous Localization and
Mapping (SLAM). In this paper, we present a long-term place recognition dataset
for use in mobile localization under large-scale dynamic environments. This
dataset includes a campus-scale track and a city-scale track: 1) the
campus-track focuses the long-term property, we record LiDAR device and an
omnidirectional camera on 10 trajectories, and each trajectory are repeatly
recorded 8 times under variant illumination conditions. 2) the city-track
focuses the large-scale property, we mount the LiDAR device on the vehicle and
traversing through a 120km trajectories, which contains open streets,
residential areas, natural terrains, etc. They includes 200 hours of raw data
of all kinds scenarios within urban environments. The ground truth position for
both tracks are provided on each trajectory, which is obtained from the Global
Position System with an additional General ICP based point cloud refinement. To
simplify the evaluation procedure, we also provide the Python-API with a set of
place recognition metrics is proposed to quickly load our dataset and evaluate
the recognition performance against different methods. This dataset targets at
finding methods with high place recognition accuracy and robustness, and
providing real robotic system with long-term autonomy. The dataset and the
provided tools can be accessed from https://github.com/MetaSLAM/ALITA.",,arXiv,,,2022-05-22,2022,,,,,,All OA; Green,Preprint,"Yin, Peng; Zhao, Shiqi; Ge, Ruohai; Cisneros, Ivan; Fu, Ruijie; Zhang, Ji; Choset, Howie; Scherer, Sebastian","Yin, Peng (); Zhao, Shiqi (); Ge, Ruohai (); Cisneros, Ivan (); Fu, Ruijie (); Zhang, Ji (); Choset, Howie (); Scherer, Sebastian ()",,"Yin, Peng (); Zhao, Shiqi (); Ge, Ruohai (); Cisneros, Ivan (); Fu, Ruijie (); Zhang, Ji (); Choset, Howie (); Scherer, Sebastian ()",0,0,,,,https://app.dimensions.ai/details/publication/pub.1148115523,46 Information and Computing Sciences; 4605 Data Management and Data Science,
1690,pub.1150665689,10.48550/arxiv.2208.14543,,,BioSLAM: A Bio-inspired Lifelong Memory System for General Place  Recognition,"We present BioSLAM, a lifelong SLAM framework for learning various new
appearances incrementally and maintaining accurate place recognition for
previously visited areas. Unlike humans, artificial neural networks suffer from
catastrophic forgetting and may forget the previously visited areas when
trained with new arrivals. For humans, researchers discover that there exists a
memory replay mechanism in the brain to keep the neuron active for previous
events. Inspired by this discovery, BioSLAM designs a gated generative replay
to control the robot's learning behavior based on the feedback rewards.
Specifically, BioSLAM provides a novel dual-memory mechanism for maintenance:
1) a dynamic memory to efficiently learn new observations and 2) a static
memory to balance new-old knowledge. When combined with a visual-/LiDAR- based
SLAM system, the complete processing pipeline can help the agent incrementally
update the place recognition ability, robust to the increasing complexity of
long-term place recognition. We demonstrate BioSLAM in two incremental SLAM
scenarios. In the first scenario, a LiDAR-based agent continuously travels
through a city-scale environment with a 120km trajectory and encounters
different types of 3D geometries (open streets, residential areas, commercial
buildings). We show that BioSLAM can incrementally update the agent's place
recognition ability and outperform the state-of-the-art incremental approach,
Generative Replay, by 24%. In the second scenario, a LiDAR-vision-based agent
repeatedly travels through a campus-scale area on a 4.5km trajectory. BioSLAM
can guarantee the place recognition accuracy to outperform 15\% over the
state-of-the-art approaches under different appearances. To our knowledge,
BioSLAM is the first memory-enhanced lifelong SLAM system to help incremental
place recognition in long-term navigation tasks.",,arXiv,,,2022-08-30,2022,,,,,,All OA; Green,Preprint,"Yin, Peng; Abuduweili, Abulikemu; Zhao, Shiqi; Liu, Changliu; Scherer, Sebastian","Yin, Peng (); Abuduweili, Abulikemu (); Zhao, Shiqi (); Liu, Changliu (); Scherer, Sebastian ()",,"Yin, Peng (); Abuduweili, Abulikemu (); Zhao, Shiqi (); Liu, Changliu (); Scherer, Sebastian ()",0,0,,,,https://app.dimensions.ai/details/publication/pub.1150665689,46 Information and Computing Sciences; 4602 Artificial Intelligence; 4611 Machine Learning,
1667,pub.1144544784,10.11371/aiieej.46.0_3,,,森林環境モニタリングロボットにおける SLAM と 深層学習を用いた領域推定に基づく経路計画法の検討,"In recent years, we are aware of many environmental problems, such as environmental destruction,reduction of wild animals. It is required to make use of autonomous robots for environmental monitoring topredict disasters and grasp situations.In this research, we consider image processing technology that contributes to environmental monitoring byWAMOT (Waseda Animal Monitoring Robot), an environmental monitoring robot developed for creatingenvironment and animal ecology maps. WAMOT uses a charging station to withstand long-term autonomousobservation. When the battery of the robot runs short, it automatically returns to the charging station. Assoon as charging is completed, repeat the operation of starting the observation again to grasp thesurrounding environment. In this research, we aim to make the Path Planning Based on SLAM andSemantic Segmentation by Deep Learning.We propose a method the path planning that based on SLAM and cost map reflecting the result of SemanticSegmentation. SLAM in irregular areas like forests is estimating the robot's state from the stable selfposition estimation and combining wheel odometry. Cost map based on the environment map (self positionestimation result) and the estimation result by the deep learning from RGB image. As a result of theexperiment, path planning from cost map generation reflecting the result of environment estimation couldbe performed.",,,,,2022-01,2022,,,,,3-3,Closed,Article,"純矢, 森本; 拓哉, 林; 裕之, 藤本; 裕之, 石井; 淳, 大谷; 淳司, 大和; 淳夫, 高西","純矢, 森本 (早稲田大学創造理工学研究科総合機械工学専攻); 拓哉, 林 (早稲田大学創造理工学研究科総合機械工学専攻); 裕之, 藤本 (早稲田大学創造理工学研究科総合機械工学専攻); 裕之, 石井 (工学院大学); 淳, 大谷 (工学院大学); 淳司, 大和 (早稲田大学創造理工学研究科総合機械工学専攻); 淳夫, 高西 (工学院大学)",,"純矢, 森本 (); 拓哉, 林 (); 裕之, 藤本 (); 裕之, 石井 (Kogakuin University); 淳, 大谷 (Kogakuin University); 淳司, 大和 (); 淳夫, 高西 (Kogakuin University)",0,0,,,,https://app.dimensions.ai/details/publication/pub.1144544784,46 Information and Computing Sciences; 4602 Artificial Intelligence,
1657,pub.1149416091,10.1109/icra46639.2022.9811855,,,LTSR: Long-term Semantic Relocalization based on HD Map for Autonomous Vehicles,"Highly accurate and robust relocalization or localization initialization ability is of great importance for autonomous vehicles (AVs). Traditional GNSS-based methods are not reliable enough in occlusion and multipath conditions. In this paper we propose a novel long-term semantic relocalization algorithm based on HD map and semantic features which are compact in representation. Semantic features appear widely on urban roads, and are robust to illumination, weather, view-point and appearance changes. Repeated structures, missed and false detections make data association (DA) highly ambiguous. To this end, a robust semantic feature matching method based on a new local semantic descriptor which encodes the spatial and normal relationship between semantic features is performed. Further, we introduce an accurate, efficient, yet simple outlier removal method which works by assessing the local and global geometric consistencies and temporal consistency of semantic matching pairs. The experimental results on our urban dataset demonstrate that our approach performs better in accuracy and robustness compared with the current state-of-the-art methods.",,,2022 International Conference on Robotics and Automation (ICRA),,2022-05-27,2022,,2022-05-27,00,,2171-2178,Closed,Proceeding,"Wang, Huayou; Xue, Changliang; Tang, Yu; Li, Wanlong; Wen, Feng; Zhang, Hongbo","Wang, Huayou (Noah's Ark Lab, Huawei Technologies, Beijing, China); Xue, Changliang (Noah's Ark Lab, Huawei Technologies, Beijing, China); Tang, Yu (Noah's Ark Lab, Huawei Technologies, Beijing, China); Li, Wanlong (Noah's Ark Lab, Huawei Technologies, Beijing, China); Wen, Feng (Noah's Ark Lab, Huawei Technologies, Beijing, China); Zhang, Hongbo (Noah's Ark Lab, Huawei Technologies, Beijing, China)",,"Wang, Huayou (Huawei Technologies (China)); Xue, Changliang (Huawei Technologies (China)); Tang, Yu (Huawei Technologies (China)); Li, Wanlong (Huawei Technologies (China)); Wen, Feng (Huawei Technologies (China)); Zhang, Hongbo (Huawei Technologies (China))",0,0,,,,https://app.dimensions.ai/details/publication/pub.1149416091,46 Information and Computing Sciences; 4605 Data Management and Data Science,
1623,pub.1148221183,10.1016/j.isprsjprs.2022.05.005,,,A LiDAR-based single-shot global localization solution using a cross-section shape context descriptor,"Fusing LiDAR and high definition (HD) maps is a feasible way to achieve global localization in GNSS-denied environments, which is necessary in driverless vehicle and robotic technologies. This paper proposes a single-shot global localization solution that uses only a single current scan of a rotating multiple-beam LiDAR sensor to locate its own location and pose with respect to an HD map in the form of georeferenced point clouds. This single-shot global localization solution estimates the state of the current moment without the previous moment state and thus avoids the nonconvergence problems that plague filter-based methods. The proposed solution allows HD maps from diverse LiDAR sensors to be used for global localization and is more robust than existing methods. The proposed solution consists of two procedures: offline preprocessing and online global localization. In the offline procedure, diverse HD maps are preprocessed to construct a global prior map for the localization process. The online global localization procedure includes two elements: place recognition, location and pose estimation. A novel Cross-Section Shape Context (CSSC) descriptor that is highly descriptive and rotation-invariant is proposed for subsequent processes. Two strategies, two-stage similarity estimation and Nearest Cluster Distance Ratio (NCDR), based on the CSSC descriptor are proposed to improve place recognition precision. A Selective Generalized Iterative Closest Point (SGICP) algorithm is proposed to calculate location and pose accurately using the CSSC descriptor. Comprehensive experiments were performed to evaluate this solution. A comparison of the precision-recall curve of multiple scenes, particularly under changed viewpoint scenes, shows that the CSSC descriptor is more robust than existing descriptors. Experimental analysis also confirms that the proposed strategies, two-stage similarity estimation and NCDR, improve place recognition precision. Also, compared to the generalized iterative closest point algorithm, the SGICP algorithm achieved better accuracy by 31% and efficiency by 60%. The proposed solution achieves a mean relative translation error (RTE) improvement of 27% over the OneShot algorithm on the KITTI dataset. The proposed solution had an average 77% improvement over 1σ RTE relative to the benchmark in tests with the long-term localization NCLT dataset. The mean RTE of the proposed solution was 0.13 m using HD maps from different LiDAR sensors. Our code is available at: https://github.com/Dongxu05/CSSC.","This study was supported in part by the Natural Science Fund of China with Project No. 41874031 and 42111530064, the National Key Research Development Program of China with project No. 2021YFB2501102, Shenzhen Science and Technology Program No. JCYJ20210324123611032 and Academy of Finland with Project No. 337656.",ISPRS Journal of Photogrammetry and Remote Sensing,,,2022-07,2022,,2022-07,189,,272-288,Closed,Article,"Xu, Dong; Liu, Jingbin; Liang, Yifan; Lv, Xuanfan; Hyyppä, Juha","Xu, Dong (State Key Laboratory of Information Engineering in Surveying, Mapping and Remote Sensing, Wuhan University, Wuhan 430079, China); Liu, Jingbin (State Key Laboratory of Information Engineering in Surveying, Mapping and Remote Sensing, Wuhan University, Wuhan 430079, China; Department of Remote Sensing and Photogrammetry, Finnish Geospatial Research Institute, Masala 02430, Finland); Liang, Yifan (State Key Laboratory of Information Engineering in Surveying, Mapping and Remote Sensing, Wuhan University, Wuhan 430079, China); Lv, Xuanfan (State Key Laboratory of Information Engineering in Surveying, Mapping and Remote Sensing, Wuhan University, Wuhan 430079, China); Hyyppä, Juha (Department of Remote Sensing and Photogrammetry, Finnish Geospatial Research Institute, Masala 02430, Finland)","Liu, Jingbin (Wuhan University; Finnish Geospatial Research Institute)","Xu, Dong (Wuhan University); Liu, Jingbin (Wuhan University; Finnish Geospatial Research Institute); Liang, Yifan (Wuhan University); Lv, Xuanfan (Wuhan University); Hyyppä, Juha (Finnish Geospatial Research Institute)",0,0,,,,https://app.dimensions.ai/details/publication/pub.1148221183,40 Engineering; 4013 Geomatic Engineering,
1623,pub.1146120646,10.48550/arxiv.2203.03397,,,OverlapTransformer: An Efficient and Rotation-Invariant Transformer  Network for LiDAR-Based Place Recognition,"Place recognition is an important capability for autonomously navigating
vehicles operating in complex environments and under changing conditions. It is
a key component for tasks such as loop closing in SLAM or global localization.
In this paper, we address the problem of place recognition based on 3D LiDAR
scans recorded by an autonomous vehicle. We propose a novel lightweight neural
network exploiting the range image representation of LiDAR sensors to achieve
fast execution with less than 2 ms per frame. We design a yaw-angle-invariant
architecture exploiting a transformer network, which boosts the place
recognition performance of our method. We evaluate our approach on the KITTI
and Ford Campus datasets. The experimental results show that our method can
effectively detect loop closures compared to the state-of-the-art methods and
generalizes well across different environments. To evaluate long-term place
recognition performance, we provide a novel dataset containing LiDAR sequences
recorded by a mobile robot in repetitive places at different times. The
implementation of our method and dataset are released here:
https://github.com/haomo-ai/OverlapTransformer",,arXiv,,,2022-03-07,2022,,,,,,All OA; Green,Preprint,"Ma, Junyi; Zhang, Jun; Xu, Jintao; Ai, Rui; Gu, Weihao; Chen, Xieyuanli","Ma, Junyi (); Zhang, Jun (); Xu, Jintao (); Ai, Rui (); Gu, Weihao (); Chen, Xieyuanli ()",,"Ma, Junyi (); Zhang, Jun (); Xu, Jintao (); Ai, Rui (); Gu, Weihao (); Chen, Xieyuanli ()",0,0,,,,https://app.dimensions.ai/details/publication/pub.1146120646,46 Information and Computing Sciences; 4602 Artificial Intelligence; 4605 Data Management and Data Science,
1622,pub.1148286296,10.1109/lra.2022.3178797,,,OverlapTransformer: An Efficient and Yaw-Angle-Invariant Transformer Network for LiDAR-Based Place Recognition,"Place recognition is an important capability for autonomously navigating vehicles operating in complex environments and under changing conditions. It is a key component for tasks such as loop closing in SLAM or global localization. In this letter, we address the problem of place recognition based on 3D LiDAR scans recorded by an autonomous vehicle. We propose a novel lightweight neural network exploiting the range image representation of LiDAR sensors to achieve fast execution with less than 2 ms per frame. We design a yaw-angle-invariant architecture exploiting a transformer network, which boosts the place recognition performance of our method. We evaluate our approach on the KITTI and Ford Campus datasets. The experimental results show that our method can effectively detect loop closures compared to the state-of-the-art methods and generalizes well across different environments. To evaluate long-term place recognition performance, we provide a novel dataset containing LiDAR sequences recorded by a mobile robot in repetitive places at different times.",,IEEE Robotics and Automation Letters,,,2022-05-30,2022,2022-05-30,,7,3,6958-6965,Closed,Article,"Ma, Junyi; Zhang, Jun; Xu, Jintao; Ai, Rui; Gu, Weihao; Chen, Xieyuanli","Ma, Junyi (Vehicle Engineering, Beijing Institute of Technology, Beijing, 100081, China; HAOMO.AI Technology Co., Ltd, Beijing, 100081, China); Zhang, Jun (HAOMO.AI Technology Co., Ltd, Beijing, 100081, China); Xu, Jintao (HAOMO.AI Technology Co., Ltd, Beijing, 100081, China); Ai, Rui (HAOMO.AI Technology Co., Ltd, Beijing, 100081, China); Gu, Weihao (HAOMO.AI Technology Co., Ltd, Beijing, 100081, China); Chen, Xieyuanli ()","Chen, Xieyuanli ","Ma, Junyi (Beijing Institute of Technology); Zhang, Jun (); Xu, Jintao (); Ai, Rui (); Gu, Weihao (); Chen, Xieyuanli ()",2,2,,,,https://app.dimensions.ai/details/publication/pub.1148286296,46 Information and Computing Sciences; 4602 Artificial Intelligence; 4605 Data Management and Data Science,
1617,pub.1149416152,10.1109/icra46639.2022.9811916,,,LT-mapper: A Modular Framework for LiDAR-based Lifelong Mapping,"Long-term 3D map management is a fundamental capability required by a robot to reliably navigate in the non-stationary real-world. This paper develops open-source, modular, and readily available LiDAR-based lifelong mapping for urban sites. This is achieved by dividing the problem into successive subproblems: multi-session SLAM (MSS), high/low dynamic change detection, and positive/negative change management. The proposed method leverages MSS and minimizes potential trajectory error; thus, a manual or good initial alignment is not required for change detection. Our change management scheme preserves efficacy in both memory and computation costs, providing automatic object segregation from a large-scale point cloud map. We verify the framework's reliability and applicability even under permanent year-level variation, through extensive real-world experiments with multiple temporal gaps (from day to year).",,,2022 International Conference on Robotics and Automation (ICRA),,2022-05-27,2022,,2022-05-27,00,,7995-8002,All OA; Green,Proceeding,"Kim, Giseop; Kim, Ayoung","Kim, Giseop (Autonomous Driving Group, NAVER LABS, Seongnam-si, Gyeonggi-do, S. Korea); Kim, Ayoung (Department of Mechanical Engineering, SNU, Seoul, S. Korea)",,"Kim, Giseop (); Kim, Ayoung (Seoul National University)",1,1,,,http://arxiv.org/pdf/2107.07712,https://app.dimensions.ai/details/publication/pub.1149416152,40 Engineering; 4013 Geomatic Engineering,
1565,pub.1147952485,10.5194/isprs-annals-v-1-2022-211-2022,,,TOWARDS ROBUST INDOOR VISUAL SLAM AND DENSE RECONSTRUCTION FOR MOBILE ROBOTS,"Abstract. Mobile robots are being increasingly employed in various indoor scenarios. The fundamental prerequisite is that the robot can reconstruct an accurate and complete map of the observed environment and estimate the track of its movements in this map. Current visual SLAM methods can perform this task reasonably well, but mostly in small spaces, such as a single room, and often tested in well-textured environments. In real-world applications of large indoor scenes, they lack robustness and fail to build a globally consistent map. To this end, we propose a novel system that can robustly solve the problem encountered by existing visual SLAM methods, such as weak texture and long-term drift. By combining information from a wheel odometer, the robot poses can be predicted smoothly in the absence of texture. The geometric cues are leveraged by aligning Truncated Signed Distance Function (TSDF) based submaps to minimize the long-term drift. To reconstruct a more complete and accurate dense map, we refine the sensor depth maps by taking advantage of color information and the optimization result of global bundle adjustment. As a result, the system can provide precise trajectory estimation and a globally consistent map for the downstream tasks. We validate the accuracy and robustness of the proposed method on both public and self-collected datasets and show the complementary nature of each module. Evaluation results based on high precision ground-truth show an improvement in the mean Absolute Trajectory Error (ATE) from 21 cm to 2 cm for the trajectory estimation, and the reconstructed map has a mean accuracy of 8 cm.",,ISPRS Annals of the Photogrammetry Remote Sensing and Spatial Information Sciences,,,2022-05-17,2022,2022-05-17,,V-1-2022,,211-219,All OA; Gold,Article,"Zhang, W.; Wang, S.; Haala, N.","Zhang, W. (Institute for Photogrammetry, University of Stuttgart, Germany; Audiovisual Lab, Huawei Munich Research Center, Germany); Wang, S. (Audiovisual Lab, Huawei Munich Research Center, Germany; Technical University of Munich, Germany); Haala, N. (Institute for Photogrammetry, University of Stuttgart, Germany)",,"Zhang, W. (University of Stuttgart); Wang, S. (Technical University of Munich); Haala, N. (University of Stuttgart)",0,0,,,http://dx.doi.org/10.5194/isprs-annals-v-1-2022-211-2022,https://app.dimensions.ai/details/publication/pub.1147952485,"30 Agricultural, Veterinary and Food Sciences; 3002 Agriculture, Land and Farm Management; 40 Engineering; 4013 Geomatic Engineering",
1559,pub.1144543458,10.11371/aiieej.45.0_20,,,環境モニタリングロボットの視覚情報処理を用いた森林における起点への帰還法の検討,"In recent years, We are aware of many environmental problems, such as environmental destruction, reduction of wild animals. It is required to make use of autonomous robots for environmental monitoring to predict disasters and grasp situations. In this research, we consider image processing technology that contributes to environmental monitoring by WAMOT (Waseda Animal Monitoring Robot), an environmental monitoring robot developed for the purpose of creating environment and animal ecology maps.WAMOT uses a charging station to withstand long-term autonomous observation. When the battery of the robot runs short, it automatically returns to the charging station. As soon as charging is completed, repeat the operation of starting the observation again to grasp the surrounding environment. In this research, we aim to make this autonomous driving possible by using the visual information.We propose a method that enables stable self position estimation in irregular areas like forests by estimating the robot's state from the camera pose obtained by Large-Scale Direct Monocular SLAM (LSD-SLAM) and combining wheel odometry . As a result of the experiment, self - location estimation with higher reliability than wheel odometry alone could be performed.",,,,,2022-01,2022,,,,,20-20,Closed,Article,"裕之, 藤本; 裕之, 石井; 淳, 大谷; 淳司, 大和; 淳夫, 高西","裕之, 藤本 (早稲田大学創造理工学研究科総合機械工学専攻); 裕之, 石井 (早稲田大学創造理工学研究科総合機械工学専攻); 淳, 大谷 (早稲田大学創造理工学研究科総合機械工学専攻); 淳司, 大和 (工学院大学); 淳夫, 高西 (早稲田大学創造理工学研究科総合機械工学専攻)",,"裕之, 藤本 (); 裕之, 石井 (); 淳, 大谷 (); 淳司, 大和 (Kogakuin University); 淳夫, 高西 ()",0,0,,,,https://app.dimensions.ai/details/publication/pub.1144543458,"40 Engineering; 4007 Control Engineering, Mechatronics and Robotics; 46 Information and Computing Sciences; 4602 Artificial Intelligence",
1533,pub.1147408104,10.48550/arxiv.2204.12173,,,Map-based Visual-Inertial Localization: Consistency and Complexity,"Drift-free localization is essential for autonomous vehicles. In this paper,
we address the problem by proposing a filter-based framework, which integrates
the visual-inertial odometry and the measurements of the features in the
pre-built map. In this framework, the transformation between the odometry frame
and the map frame is augmented into the state and estimated on the fly.
Besides, we maintain only the keyframe poses in the map and employ Schmidt
extended Kalman filter to update the state partially, so that the uncertainty
of the map information can be consistently considered with low computational
cost. Moreover, we theoretically demonstrate that the ever-changing
linearization points of the estimated state can introduce spurious information
to the augmented system and make the original four-dimensional unobservable
subspace vanish, leading to inconsistent estimation in practice. To relieve
this problem, we employ first-estimate Jacobian (FEJ) to maintain the correct
observability properties of the augmented system. Furthermore, we introduce an
observability-constrained updating method to compensate for the significant
accumulated error after the long-term absence (can be 3 minutes and 1 km) of
map-based measurements. Through simulations, the consistent estimation of our
proposed algorithm is validated. Through real-world experiments, we demonstrate
that our proposed algorithm runs successfully on four kinds of datasets with
the lower computational cost (20% time-saving) and the better estimation
accuracy (45% trajectory error reduction) compared with the baseline algorithm
VINS-Fusion, whereas VINS-Fusion fails to give bounded localization performance
on three of four datasets because of its inconsistent estimation.",,arXiv,,,2022-04-26,2022,,,,,,All OA; Green,Preprint,"Zhang, Zhuqing; Jiao, Yanmei; Huang, Shoudong; Wang, Yue; Xiong, Rong","Zhang, Zhuqing (); Jiao, Yanmei (); Huang, Shoudong (); Wang, Yue (); Xiong, Rong ()",,"Zhang, Zhuqing (); Jiao, Yanmei (); Huang, Shoudong (); Wang, Yue (); Xiong, Rong ()",0,0,,,,https://app.dimensions.ai/details/publication/pub.1147408104,"40 Engineering; 4007 Control Engineering, Mechatronics and Robotics; 46 Information and Computing Sciences; 4605 Data Management and Data Science",
1525,pub.1145467516,10.1016/b978-0-32-385787-1.00020-8,,,Chapter 15 Deep learning for vision-based navigation in autonomous drone racing,"Long-term autonomy is of great importance in various real-world applications of aerial robotics, including, but not limited to, search and rescue missions in underground mines, detection, and monitoring of victims trapped under collapsed buildings, aerial radiation detection in nuclear power plants after an accident, or extraterrestrial explorations. Due to the limited energy storage capacity and inefficiency of rechargeable batteries, drones must execute their missions as fast as possible with the most efficient machine learning algorithms for perception, planning, and control tasks. Motivated by the aforementioned need, agile aerial robots have gained increasing interest in the robotics community. Autonomous drone racing (ADR), which is one of the most challenging robotics problems, is an appropriate testbed for benchmarking efficiency of developed machine learning algorithms as well as their required sensors. ADR problem is chosen to demonstrate the value of the developed deep neural network-based algorithms as drones require low-latency of processing, since they have to maneuver and react to the changes in the environment rapidly throughout the race. In this chapter, we introduce deep learning methods for perception and planning of aerial robots as applied to ADR problem. We present two distinct approaches: system decomposition and end-to-end planning. In the former, we present how convolutional neural networks are used for gate localization and gate pose estimation in perception, either by predicting a gate's center or building a 3D global gate map. In the latter, we show how to bypass the perceive-plan-act subtasks and utilize deep learning methods, such as transfer learning and reinforcement learning, to learn directly from raw images and calculate desired robot actions. Furthermore, a few useful simulation tools and data sets are introduced for ADR to develop, validate, and evaluate novel algorithms. We believe developed algorithms for ADR can be transferred to other domains in which drones must navigate in a cluttered environment without a need for external sensing.",,,Deep Learning for Robot Perception and Cognition,,2022,2022,,2022,,,371-406,Closed,Chapter,"Pham, Huy Xuan; Ugurlu, Halil Ibrahim; Le Fevre, Jonas; Bardakci, Deniz; Kayacan, Erdal","Pham, Huy Xuan (Artificial Intelligence in Robotics Laboratory (Air Lab), Department of Electrical and Computer Engineering, Aarhus University, Aarhus, Denmark); Ugurlu, Halil Ibrahim (Artificial Intelligence in Robotics Laboratory (Air Lab), Department of Electrical and Computer Engineering, Aarhus University, Aarhus, Denmark); Le Fevre, Jonas (Artificial Intelligence in Robotics Laboratory (Air Lab), Department of Electrical and Computer Engineering, Aarhus University, Aarhus, Denmark); Bardakci, Deniz (Artificial Intelligence in Robotics Laboratory (Air Lab), Department of Electrical and Computer Engineering, Aarhus University, Aarhus, Denmark; Department of Electronics, Information and Bioengineering (DEIB), Polytechnic University of Milan, Milan, Italy); Kayacan, Erdal (Artificial Intelligence in Robotics Laboratory (Air Lab), Department of Electrical and Computer Engineering, Aarhus University, Aarhus, Denmark)",,"Pham, Huy Xuan (Aarhus University); Ugurlu, Halil Ibrahim (Aarhus University); Le Fevre, Jonas (Aarhus University); Bardakci, Deniz (Aarhus University; Politecnico di Milano); Kayacan, Erdal (Aarhus University)",2,2,,,,https://app.dimensions.ai/details/publication/pub.1145467516,46 Information and Computing Sciences; 4602 Artificial Intelligence; 4605 Data Management and Data Science; 4611 Machine Learning,7 Affordable and Clean Energy
1495,pub.1135633780,10.1109/jas.2021.1003907,,,Domain-Invariant Similarity Activation Map Contrastive Learning for Retrieval-Based Long-Term Visual Localization,"Visual localization is a crucial component in the application of mobile robot and autonomous driving. Image retrieval is an efficient and effective technique in image-based localization methods. Due to the drastic variability of environmental conditions, e.g., illumination changes, retrieval-based visual localization is severely affected and becomes a challenging problem. In this work, a general architecture is first formulated probabilistically to extract domain-invariant features through multi-domain image translation. Then, a novel gradient-weighted similarity activation mapping loss (Grad-SAM) is incorporated for finer localization with high accuracy. We also propose a new adaptive triplet loss to boost the contrastive learning of the embedding in a self-supervised manner. The final coarse-to-fine image retrieval pipeline is implemented as the sequential combination of models with and without Grad-SAM loss. Extensive experiments have been conducted to validate the effectiveness of the proposed approach on the CMU-Seasons dataset. The strong generalization ability of our approach is verified with the RobotCar dataset using models pre-trained on urban parts of the CMU-Seasons dataset. Our performance is on par with or even outperforms the state-of-the-art image-based localization baselines in medium or high precision, especially under challenging environments with illumination variance, vegetation, and night-time images. Moreover, real-site experiments have been conducted to validate the efficiency and effectiveness of the coarse-to-fine strategy for localization.",The authors would like to thank Zhijian Qiao from Department of Automation at Shanghai Jiao Tong University for his contribution to the real-site experiments including the collection of dataset and the comparison experiments.,IEEE/CAA Journal of Automatica Sinica,,,2022-02-01,2022,,2022-02-01,9,2,313-328,All OA; Green,Article,"Hu, Hanjiang; Wang, Hesheng; Liu, Zhe; Chen, Weidong","Hu, Hanjiang (Department of Automation, Shanghai Jiao Tong University, Shanghai, 200240, China); Wang, Hesheng (Department of Automation, Institute of Medical Robotics, Key Laboratory of System Control and Information Processing of Ministry of Education, Key Laboratory of Marine Intelligent Equipment and System of Ministry of Education, Shanghai Jiao Tong University, Shanghai, 200240, China); Liu, Zhe (Department of Computer Science and Technology, University of Cambridge, Cambridge, CB3 0FD, United Kingdom); Chen, Weidong (Department of Automation, Shanghai Jiao Tong University, Shanghai, 200240, China)","Wang, Hesheng (Shanghai Jiao Tong University)","Hu, Hanjiang (Shanghai Jiao Tong University); Wang, Hesheng (Shanghai Jiao Tong University); Liu, Zhe (University of Cambridge); Chen, Weidong (Shanghai Jiao Tong University)",4,4,,,http://arxiv.org/pdf/2009.07719,https://app.dimensions.ai/details/publication/pub.1135633780,"40 Engineering; 4007 Control Engineering, Mechatronics and Robotics",
1486,pub.1151546224,10.1007/s11432-021-3425-8,,,Accurate RGB-D SLAM in dynamic environments based on dynamic visual feature removal,"Visual localization is considered an essential capability in robotics and has attracted increasing interest for the past few years. However, most proposed visual localization systems assume that the surrounding environment is static, which is difficult to maintain in real-world scenarios due to the presence of moving objects. In this paper, we present DFR-SLAM, a real-time and accurate RGB-D SLAM based on ORB-SLAM2 that achieves satisfactory performance in a variety of challenging dynamic scenarios. At the core of our system lies a motion consensus filtering algorithm estimating the initial camera pose and a graph-cut optimization framework combining long-term observations, prior information, and spatial coherence to jointly distinguish dynamic and static visual features. Other systems for dynamic environments detect dynamic components by using the information from short time-span frames, whereas our system uses observations from a long period of keyframes. We evaluate our system using dynamic sequences from the public TUM dataset, and the evaluation demonstrates that the proposed system outperforms the original ORB-SLAM2 system significantly. In addition, our system provides competitive localization accuracy with satisfactory real-time performance compared to closely related SLAM systems designed to adapt to dynamic environments.","This work was supported in part by National Natural Science Foundation of China (Grant Nos. 61922076, 61873252).",Science China Information Sciences,,,2022-09-27,2022,2022-09-27,2022-10,65,10,202206,Closed,Article,"Liu, Chenxin; Qin, Jiahu; Wang, Shuai; Yu, Lei; Wang, Yaonan","Liu, Chenxin (Department of Automation, University of Science and Technology of China, 230027, Hefei, China); Qin, Jiahu (Department of Automation, University of Science and Technology of China, 230027, Hefei, China; Institute of Artificial Intelligence, Hefei Comprehensive National Science Center, 230088, Hefei, China); Wang, Shuai (Department of Automation, University of Science and Technology of China, 230027, Hefei, China); Yu, Lei (Department of Automation, University of Science and Technology of China, 230027, Hefei, China); Wang, Yaonan (College of Electrical and Information Engineering, Hunan University, 410082, Changsha, China; National Engineering Research Center of Robot Visual Perception and Control Technology, Hunan University, 410082, Changsha, China)","Qin, Jiahu (University of Science and Technology of China; )","Liu, Chenxin (University of Science and Technology of China); Qin, Jiahu (University of Science and Technology of China); Wang, Shuai (University of Science and Technology of China); Yu, Lei (University of Science and Technology of China); Wang, Yaonan (Hunan University; Hunan University)",0,0,,,,https://app.dimensions.ai/details/publication/pub.1151546224,"40 Engineering; 4006 Communications Engineering; 4007 Control Engineering, Mechatronics and Robotics; 4009 Electronics, Sensors and Digital Hardware",
1387,pub.1149932947,10.48550/arxiv.2208.00709,,,Visual-Inertial SLAM with Tightly-Coupled Dropout-Tolerant GPS Fusion,"Robotic applications are continuously striving towards higher levels of
autonomy. To achieve that goal, a highly robust and accurate state estimation
is indispensable. Combining visual and inertial sensor modalities has proven to
yield accurate and locally consistent results in short-term applications.
Unfortunately, visual-inertial state estimators suffer from the accumulation of
drift for long-term trajectories. To eliminate this drift, global measurements
can be fused into the state estimation pipeline. The most known and widely
available source of global measurements is the Global Positioning System (GPS).
In this paper, we propose a novel approach that fully combines stereo
Visual-Inertial Simultaneous Localisation and Mapping (SLAM), including visual
loop closures, with the fusion of global sensor modalities in a tightly-coupled
and optimisation-based framework. Incorporating measurement uncertainties, we
provide a robust criterion to solve the global reference frame initialisation
problem. Furthermore, we propose a loop-closure-like optimisation scheme to
compensate drift accumulated during outages in receiving GPS signals.
Experimental validation on datasets and in a real-world experiment demonstrates
the robustness of our approach to GPS dropouts as well as its capability to
estimate highly accurate and globally consistent trajectories compared to
existing state-of-the-art methods.",,arXiv,,,2022-08-01,2022,,,,,,All OA; Green,Preprint,"Boche, Simon; Zuo, Xingxing; Schaefer, Simon; Leutenegger, Stefan","Boche, Simon (); Zuo, Xingxing (); Schaefer, Simon (); Leutenegger, Stefan ()",,"Boche, Simon (); Zuo, Xingxing (); Schaefer, Simon (); Leutenegger, Stefan ()",0,0,,,,https://app.dimensions.ai/details/publication/pub.1149932947,"40 Engineering; 4007 Control Engineering, Mechatronics and Robotics; 46 Information and Computing Sciences; 4605 Data Management and Data Science",
1386,pub.1151380274,10.1109/cvpr52688.2022.00667,,,HSC4D: Human-centered 4D Scene Capture in Large-scale Indoor-outdoor Space Using Wearable IMUs and LiDAR,"We propose Human-centered 4D Scene Capture (HSC4D) to accurately and efficiently create a dynamic digital world, containing large-scale indoor-outdoor scenes, diverse human motions, and rich interactions between humans and environments. Using only body-mounted IMUs and LiDAR, HSC4D is space-free without any external devices' constraints and map-free without pre-built maps. Considering that IMUs can capture human poses but always drift for long-period use, while LiDAR is stable for global localization but rough for local positions and orientations, HSC4D makes both sensors complement each other by a joint optimization and achieves promising results for long-term capture. Relationships between humans and environments are also explored to make their interaction more realistic. To facilitate many down-stream tasks, like AR, VR, robots, autonomous driving, etc., we propose a dataset containing three large scenes (1k-5k m2) with accurate dynamic human motions and locations. Diverse scenarios (climbing gym, multi-story building, slope, etc.) and challenging human activities (exercising, walking up/down stairs, climbing, etc.) demonstrate the effectiveness and the generalization ability of HSC4D. The dataset and code is available at lidarhumanmotion.net/hsc4d.",,,2022 IEEE/CVF Conference on Computer Vision and Pattern Recognition (CVPR),,2022-06-24,2022,,2022-06-24,00,,6782-6792,All OA; Green,Proceeding,"Dai, Yudi; Lin, Yitai; Wen, Chenglu; Shen, Siqi; Xu, Lan; Yu, Jingyi; Ma, Yuexin; Wang, Cheng","Dai, Yudi (Xiamen University, China); Lin, Yitai (Xiamen University, China); Wen, Chenglu (Xiamen University, China); Shen, Siqi (Xiamen University, China); Xu, Lan (Xiamen University, China); Yu, Jingyi (Xiamen University, China); Ma, Yuexin (Xiamen University, China); Wang, Cheng (ShanghaiTech University, China)","Wen, Chenglu (Xiamen University)","Dai, Yudi (Xiamen University); Lin, Yitai (Xiamen University); Wen, Chenglu (Xiamen University); Shen, Siqi (Xiamen University); Xu, Lan (Xiamen University); Yu, Jingyi (Xiamen University); Ma, Yuexin (Xiamen University); Wang, Cheng (ShanghaiTech University)",0,0,,,http://arxiv.org/pdf/2203.09215,https://app.dimensions.ai/details/publication/pub.1151380274,"46 Information and Computing Sciences; 4607 Graphics, Augmented Reality and Games; 4608 Human-Centred Computing",
1384,pub.1146378129,10.48550/arxiv.2203.09215,,,HSC4D: Human-centered 4D Scene Capture in Large-scale Indoor-outdoor  Space Using Wearable IMUs and LiDAR,"We propose Human-centered 4D Scene Capture (HSC4D) to accurately and
efficiently create a dynamic digital world, containing large-scale
indoor-outdoor scenes, diverse human motions, and rich interactions between
humans and environments. Using only body-mounted IMUs and LiDAR, HSC4D is
space-free without any external devices' constraints and map-free without
pre-built maps. Considering that IMUs can capture human poses but always drift
for long-period use, while LiDAR is stable for global localization but rough
for local positions and orientations, HSC4D makes both sensors complement each
other by a joint optimization and achieves promising results for long-term
capture. Relationships between humans and environments are also explored to
make their interaction more realistic. To facilitate many down-stream tasks,
like AR, VR, robots, autonomous driving, etc., we propose a dataset containing
three large scenes (1k-5k $m^2$) with accurate dynamic human motions and
locations. Diverse scenarios (climbing gym, multi-story building, slope, etc.)
and challenging human activities (exercising, walking up/down stairs, climbing,
etc.) demonstrate the effectiveness and the generalization ability of HSC4D.
The dataset and code are available at http://www.lidarhumanmotion.net/hsc4d/.",,arXiv,,,2022-03-17,2022,,,,,,All OA; Green,Preprint,"Dai, Yudi; Lin, Yitai; Wen, Chenglu; Shen, Siqi; Xu, Lan; Yu, Jingyi; Ma, Yuexin; Wang, Cheng","Dai, Yudi (Xiamen University, China); Lin, Yitai (Xiamen University, China); Wen, Chenglu (Xiamen University, China); Shen, Siqi (Xiamen University, China); Xu, Lan (ShanghaiTech University, China); Yu, Jingyi (ShanghaiTech University, China); Ma, Yuexin (ShanghaiTech University, China); Wang, Cheng (Xiamen University, China)",,"Dai, Yudi (Xiamen University); Lin, Yitai (Xiamen University); Wen, Chenglu (Xiamen University); Shen, Siqi (Xiamen University); Xu, Lan (ShanghaiTech University); Yu, Jingyi (ShanghaiTech University); Ma, Yuexin (ShanghaiTech University); Wang, Cheng (Xiamen University)",0,0,,,,https://app.dimensions.ai/details/publication/pub.1146378129,"46 Information and Computing Sciences; 4607 Graphics, Augmented Reality and Games; 4608 Human-Centred Computing",
1166,pub.1151981500,,,,A Real-Time Fusion Framework for Long-term Visual Localization,"Visual localization is a fundamental task that regresses the 6 Degree Of
Freedom (6DoF) poses with image features in order to serve the high precision
localization requests in many robotics applications. Degenerate conditions like
motion blur, illumination changes and environment variations place great
challenges in this task. Fusion with additional information, such as sequential
information and Inertial Measurement Unit (IMU) inputs, would greatly assist
such problems. In this paper, we present an efficient client-server visual
localization architecture that fuses global and local pose estimations to
realize promising precision and efficiency. We include additional geometry
hints in mapping and global pose regressing modules to improve the measurement
quality. A loosely coupled fusion policy is adopted to leverage the computation
complexity and accuracy. We conduct the evaluations on two typical open-source
benchmarks, 4Seasons and OpenLORIS. Quantitative results prove that our
framework has competitive performance with respect to other state-of-the-art
visual localization solutions.",,arXiv,,,2022-10-18,2022,,,,,,All OA; Green,Preprint,"Yang, Yuchen; Zhang, Xudong; Gao, Shuang; Wan, Jixiang; Ping, Yishan; Liu, Yuyue; Li, Jijunnan; Guo, Yandong","Yang, Yuchen (); Zhang, Xudong (); Gao, Shuang (); Wan, Jixiang (); Ping, Yishan (); Liu, Yuyue (); Li, Jijunnan (); Guo, Yandong ()",,"Yang, Yuchen (); Zhang, Xudong (); Gao, Shuang (); Wan, Jixiang (); Ping, Yishan (); Liu, Yuyue (); Li, Jijunnan (); Guo, Yandong ()",0,0,,,,https://app.dimensions.ai/details/publication/pub.1151981500,46 Information and Computing Sciences; 4605 Data Management and Data Science,
1130,pub.1145072481,10.1016/j.comcom.2022.01.013,,,Weighted triplet loss based on deep neural networks for loop closure detection in VSLAM,"Smart living is an emerging technology that has attracted a lot of attention all around the world. As a key technology of smart space, which is the principal part of smart living, the SLAM system has effectively expanded the ability of space intelligent robots to explore unknown environments. Loop closure detection is an important part of SLAM system and plays a very important role in eliminating cumulative errors. The SLAM system without loop closure detection is degraded to an odometer. The state estimation solely relying on an odometer will be seriously deviated in the long-term and large-scale navigation and positioning. This paper proposes a metric learning method that uses deep neural networks for loop closure detection based on triplet loss. The map points obtained by metric learning are fused with all map points in the current keyframe, and the map points that do not meet the filtering conditions are eliminated. Based on the Batch Hard Triplet loss, the weighted triplet loss function avoids suboptimal convergence in the learning process by applying weighted value constraints. At the same time, considering that fixed boundary parameters cannot be well adapted to the diversity of scales between different samples, we use the semantic similarity of anchor samples and negative samples to redefine boundary parameters. Finally, a SLAM system based on metric learning is constructed, and the SLAM dataset TUM and KITTI are used to evaluate the proposed model’s accuracy rate and recall rate. The scene features in this method are extracted automatically through neural networks instead of being artificially set. Finally, a high-precision closed-loop detection method based on weight adaptive triple loss is effectively realised through the closed-loop detection experiment. The minimum relative pose error is 0.00048 m, which is 15.8% less than that of the closed-loop detection algorithm based on the word bag model.","This study was supported by part of the National Natural Science Foundation of China under Grant 61773282 and the Research Grants Council of the HK SAR, China (RMGS project acc. number: 700026). Gratitude is extended to the Big Data Intelligence Centre of The Hang Seng University of Hong Kong to support the research. The authors would like to thank the handling editor and reviewers for their valuable comments and suggestions that improved the quality of this paper.",Computer Communications,,,2022-03,2022,,2022-03,186,,153-165,Closed,Article,"Dong, Na; Qin, Minghui; Chang, Jianfang; Wu, C.H.; Ip, W.H.; Yung, K.L.","Dong, Na (School of Electrical and Information Engineering, Tianjin University, Tianjin, China); Qin, Minghui (School of Electrical and Information Engineering, Tianjin University, Tianjin, China); Chang, Jianfang (School of Electrical and Information Engineering, Tianjin University, Tianjin, China); Wu, C.H. (Department of Supply Chain and Information Management, The Hang Seng University of Hong Kong, Hong Kong Special Administrative Region); Ip, W.H. (Department of Industrial and Systems Engineering, The Hong Kong Polytechnic University, Hong Kong Special Administrative Region; Department of Mechanical Engineering, University of Saskatchewan, Canada); Yung, K.L. (Department of Industrial and Systems Engineering, The Hong Kong Polytechnic University, Hong Kong Special Administrative Region)","Wu, C.H. (The Hang Seng University of Hong Kong)","Dong, Na (Tianjin University); Qin, Minghui (Tianjin University); Chang, Jianfang (Tianjin University); Wu, C.H. (The Hang Seng University of Hong Kong); Ip, W.H. (Hong Kong Polytechnic University; University of Saskatchewan); Yung, K.L. (Hong Kong Polytechnic University)",0,0,,,,https://app.dimensions.ai/details/publication/pub.1145072481,46 Information and Computing Sciences; 4605 Data Management and Data Science; 4611 Machine Learning,
1099,pub.1148709001,10.2139/ssrn.4135967,,,Performance of Dipole Charge Density Mapping Integrated with Robotic Magnetic Navigation in Atrial Tachycardia Ablation,"Background: Catheter ablation (CA) for atrial tachyarrhythmia (AT) offers favorable acute and long-term outcomes. Robotic magnetic navigation (RMN) with its atraumatic catheter design has superior safety profile and excellent accuracy. Recently, a novel high-resolution noncontact mapping system (AcQMap) was fully integrated with RMN (AcQMap-RMN). The AcQMap system uses two noncontact mapping modalities, single position mapping and aggregated multiposition mapping.Objectives: To assess the performance of the integrated AcQMap-RMN systems in CA procedures for patients with ATs including comparing patient subgroups based on the utilized mapping modality, arrhythmia mechanism, localization and procedure type. Methods: All patients undergoing CA for AT using the AcQMap-RMN system were included. Procedural safety and efficacy were characterized by intra- and post-procedural complications. Acute procedural success and the long-term outcome were assessed in the overall group and the subgroups. Results: Seventy consecutive patients were referred for CA with ATs including 67 AT (age 57.1{plus minus}14.4 years), and 3 IAST patients. Thirty-eight patients had de novo AT, 24 had post-PVI AT including 2 patients with perinodal AT, and 5 had post-MAZE AT. Two patients (2.9%) suffered post-procedural complications including 1 patient with groin hematoma and 1 patient with TIA. Acute success was achieved in 63/67 (94.0%) procedures. Thirteen patients (19.4%) had documented recurrence at the end of the follow-up period. The performance of AcQMap was equally good in focal vs. reentry mechanisms (p=0.61, acute success), in the left and right atrium (p=0.21).Conclusions: AcQMap-RMN integration offers high success rates in CA of ATs with low number of complications.",,SSRN Electronic Journal,,,2022,2022,,,,,,All OA; Green,Preprint,"Gagyi, Rita Beata; Yap, Sing-Chien; Noten, Anna; Wijchers, Sip; Szili-Torok, Tamas","Gagyi, Rita Beata (); Yap, Sing-Chien (Erasmus University Medical Center Rotterdam - Department of Cardiology); Noten, Anna (University Medical Center - Erasmus MC); Wijchers, Sip (University Medical Center - Erasmus MC); Szili-Torok, Tamas (Erasmus University Medical Center Rotterdam - Department of Cardiology)",,"Gagyi, Rita Beata (); Yap, Sing-Chien (); Noten, Anna (); Wijchers, Sip (); Szili-Torok, Tamas ()",0,0,,,,https://app.dimensions.ai/details/publication/pub.1148709001,32 Biomedical and Clinical Sciences; 3202 Clinical Sciences,
920,pub.1146888775,10.48550/arxiv.2204.01524,,,Bi-directional Loop Closure for Visual SLAM,"A key functional block of visual navigation system for intelligent autonomous
vehicles is Loop Closure detection and subsequent relocalisation.
State-of-the-Art methods still approach the problem as uni-directional along
the direction of the previous motion. As a result, most of the methods fail in
the absence of a significantly similar overlap of perspectives. In this study,
we propose an approach for bi-directional loop closure. This will, for the
first time, provide us with the capability to relocalize to a location even
when traveling in the opposite direction, thus significantly reducing long-term
odometry drift in the absence of a direct loop. We present a technique to
select training data from large datasets in order to make them usable for the
bi-directional problem. The data is used to train and validate two different
CNN architectures for loop closure detection and subsequent regression of 6-DOF
camera pose between the views in an end-to-end manner. The outcome packs a
considerable impact and aids significantly to real-world scenarios that do not
offer direct loop closure opportunities. We provide a rigorous empirical
comparison against other established approaches and evaluate our method on both
outdoor and indoor data from the FinnForest dataset and PennCOSYVIO dataset.",,arXiv,,,2022-04-01,2022,,,,,,All OA; Green,Preprint,"Ali, Ihtisham; Peltonen, Sari; Gotchev, Atanas","Ali, Ihtisham (); Peltonen, Sari (); Gotchev, Atanas ()",,"Ali, Ihtisham (); Peltonen, Sari (); Gotchev, Atanas ()",0,0,,,,https://app.dimensions.ai/details/publication/pub.1146888775,46 Information and Computing Sciences; 4605 Data Management and Data Science,
